objectID,footprint,area,height,label,data,index
46,2446.0,7503.758365625,21.89,4,../data/data_root/data00/46.pt,46
77,4113.0,11255.054645117187,22.94,4,../data/data_root/data00/77.pt,77
78,5608.0,7503.62371875,20.72,4,../data/data_root/data00/78.pt,78
79,2388.0,6024.352346875,11.87,4,../data/data_root/data00/79.pt,79
83,3652.0,6766.809,15.54,4,../data/data_root/data00/83.pt,83
88,2379.0,6505.077496875,13.7,4,../data/data_root/data00/88.pt,88
128,2013.0,4256.3923625,16.68,4,../data/data_root/data00/128.pt,128
155,3118.0,7503.7554375,14.95,4,../data/data_root/data00/155.pt,155
168,6201.0,7554.6412,21.82,4,../data/data_root/data00/168.pt,168
175,2922.0,5861.995234375,15.93,4,../data/data_root/data00/175.pt,175
187,2677.0,6517.079653125,10.63,4,../data/data_root/data00/187.pt,187
196,2334.0,13015.317234375,17.94,4,../data/data_root/data00/196.pt,196
244,3117.0,6513.80265,13.4,4,../data/data_root/data00/244.pt,244
382,3095.0,7480.365446875,20.61,4,../data/data_root/data00/382.pt,382
462,6099.0,7450.329771875,20.2,4,../data/data_root/data00/462.pt,462
529,2984.0,6241.69955,14.48,4,../data/data_root/data00/529.pt,529
569,4463.0,4125.35885,27.33,4,../data/data_root/data00/569.pt,569
578,2986.0,6240.23885,13.51,4,../data/data_root/data00/578.pt,578
671,3402.0,6305.13413125,27.61,4,../data/data_root/data00/671.pt,671
787,2734.0,7125.5814,23.03,4,../data/data_root/data00/787.pt,787
809,5337.0,7360.35115625,23.28,4,../data/data_root/data00/809.pt,809
865,2920.0,7500.579896875,32.27,4,../data/data_root/data00/865.pt,865
894,5956.0,7520.68415,28.14,4,../data/data_root/data00/894.pt,894
923,3332.0,6398.12409375,16.7,4,../data/data_root/data00/923.pt,923
980,6600.0,8778.93910625,24.11,4,../data/data_root/data00/980.pt,980
1015,2933.0,6444.079078125,17.36,4,../data/data_root/data00/1015.pt,1015
1029,5354.0,156219.33555,24.09,4,../data/data_root/data00/1029.pt,1029
1105,2678.0,4825.8145,14.63,4,../data/data_root/data00/1105.pt,1105
1114,3785.0,8639.128409375,27.44,4,../data/data_root/data00/1114.pt,1114
1182,4305.0,6001.54250625,25.13,4,../data/data_root/data00/1182.pt,1182
1311,6277.0,7500.32234375,23.46,4,../data/data_root/data00/1311.pt,1311
1340,5775.0,7529.855690625,26.76,4,../data/data_root/data00/1340.pt,1340
1365,2420.0,5649.327375,10.91,4,../data/data_root/data00/1365.pt,1365
1509,4424.0,7216.6571,21.29,4,../data/data_root/data00/1509.pt,1509
1511,4884.0,6288.67536875,22.73,4,../data/data_root/data00/1511.pt,1511
1528,2426.0,8588.14271875,17.3,4,../data/data_root/data00/1528.pt,1528
1563,5934.0,7570.58,49.74,4,../data/data_root/data00/1563.pt,1563
1567,5515.0,7477.371,28.35,4,../data/data_root/data00/1567.pt,1567
1576,2241.0,4018.79828125,24.54,4,../data/data_root/data00/1576.pt,1576
1580,3853.0,7529.02315,13.48,4,../data/data_root/data00/1580.pt,1580
1602,7954.0,7502.59231875,37.86,4,../data/data_root/data00/1602.pt,1602
1612,1849.0,8270.664203125,18.82,4,../data/data_root/data00/1612.pt,1612
1683,11263.0,24170.039215625,19.3,4,../data/data_root/data00/1683.pt,1683
1842,5847.0,7492.65993125,17.68,4,../data/data_root/data00/1842.pt,1842
1845,3650.0,7556.109,24.99,4,../data/data_root/data00/1845.pt,1845
2070,5753.0,7540.3443125,31.99,4,../data/data_root/data00/2070.pt,2070
2103,3267.0,5003.0264,29.31,4,../data/data_root/data00/2103.pt,2103
2104,3769.0,5001.022396875,46.04,4,../data/data_root/data00/2104.pt,2104
2146,4964.0,6250.5697,27.11,4,../data/data_root/data00/2146.pt,2146
2157,3937.0,5036.02728125,21.66,4,../data/data_root/data00/2157.pt,2157
2176,2456.0,7042.55483125,24.2,4,../data/data_root/data00/2176.pt,2176
2235,1962.0,5134.67805,12.83,4,../data/data_root/data00/2235.pt,2235
2298,5965.0,7520.28944375,19.47,4,../data/data_root/data00/2298.pt,2298
2370,3110.0,6402.2731,16.64,4,../data/data_root/data00/2370.pt,2370
2377,1912.0,6597.8287,16.57,4,../data/data_root/data00/2377.pt,2377
2411,4460.0,6793.465353125,15.4,4,../data/data_root/data00/2411.pt,2411
2420,4124.0,6251.874652734375,22.97,4,../data/data_root/data00/2420.pt,2420
2468,4016.0,9047.79675,10.86,4,../data/data_root/data00/2468.pt,2468
2476,4032.0,6512.20305,12.42,4,../data/data_root/data00/2476.pt,2476
2479,10338.0,253492.3728611328,25.17,4,../data/data_root/data00/2479.pt,2479
2496,4048.0,6250.0697,21.53,4,../data/data_root/data00/2496.pt,2496
2526,6849.0,7448.81705625,24.69,4,../data/data_root/data00/2526.pt,2526
2531,6845.0,8605.94775,14.15,4,../data/data_root/data00/2531.pt,2531
2556,3013.0,8400.82245,23.29,4,../data/data_root/data00/2556.pt,2556
2591,2639.0,6250.5672,22.19,4,../data/data_root/data00/2591.pt,2591
2602,4085.0,4796.818846875,23.55,4,../data/data_root/data00/2602.pt,2602
2634,7458.0,12034.5323625,21.07,4,../data/data_root/data00/2634.pt,2634
2719,4604.0,6454.7459,35.19,4,../data/data_root/data00/2719.pt,2719
2724,3536.0,8357.994,24.18,4,../data/data_root/data00/2724.pt,2724
2753,5992.0,8511.8876,36.2,4,../data/data_root/data00/2753.pt,2753
2759,2678.0,8493.80955,22.46,4,../data/data_root/data00/2759.pt,2759
2763,2965.0,6915.1485,15.04,4,../data/data_root/data00/2763.pt,2763
2794,1748.0,5211.7469625,18.09,4,../data/data_root/data00/2794.pt,2794
2798,3262.0,6995.3558,18.92,4,../data/data_root/data00/2798.pt,2798
2829,3040.0,4973.54318125,30.09,4,../data/data_root/data00/2829.pt,2829
2832,5414.0,7457.53554375,24.45,4,../data/data_root/data00/2832.pt,2832
2885,3027.0,6540.1388625,24.0,4,../data/data_root/data00/2885.pt,2885
2903,3227.0,6748.37505,24.91,4,../data/data_root/data00/2903.pt,2903
2917,2668.0,7120.9094,12.36,4,../data/data_root/data00/2917.pt,2917
2918,3471.0,10987.7193,10.99,4,../data/data_root/data00/2918.pt,2918
2964,2063.0,5276.2674,20.04,4,../data/data_root/data00/2964.pt,2964
3022,4814.0,6296.10825,37.42,4,../data/data_root/data00/3022.pt,3022
3063,3032.0,12183.225337109376,17.76,4,../data/data_root/data00/3063.pt,3063
3067,1882.0,8508.9866,12.7,4,../data/data_root/data00/3067.pt,3067
3100,4767.0,6500.4948,23.1,4,../data/data_root/data00/3100.pt,3100
3165,2554.0,6155.320409375,25.24,4,../data/data_root/data00/3165.pt,3165
3177,4691.0,6422.5681,23.25,4,../data/data_root/data00/3177.pt,3177
3192,4631.0,6728.280671875,34.76,4,../data/data_root/data00/3192.pt,3192
3193,4807.0,6275.5717,36.51,4,../data/data_root/data00/3193.pt,3193
3258,3958.0,6871.53905,14.76,4,../data/data_root/data00/3258.pt,3258
3294,6449.0,10801.1104,17.95,4,../data/data_root/data00/3294.pt,3294
3298,3332.0,6350.03945,16.39,4,../data/data_root/data00/3298.pt,3298
3321,2740.0,6622.1618,24.69,4,../data/data_root/data00/3321.pt,3321
3324,6004.0,9943.13181875,24.88,4,../data/data_root/data00/3324.pt,3324
3343,2291.0,17940.282534375,15.92,4,../data/data_root/data00/3343.pt,3343
3383,5293.0,6347.6153,34.91,4,../data/data_root/data00/3383.pt,3383
3394,3639.0,6568.1799,25.45,4,../data/data_root/data00/3394.pt,3394
3429,3805.0,6511.17145,15.97,4,../data/data_root/data00/3429.pt,3429
3441,4375.0,6300.6213,24.07,4,../data/data_root/data00/3441.pt,3441
3465,2332.0,4051.3456,16.92,4,../data/data_root/data00/3465.pt,3465
3469,4492.0,6490.3991,23.09,4,../data/data_root/data00/3469.pt,3469
3481,5436.0,7516.304303125,34.97,4,../data/data_root/data00/3481.pt,3481
3496,4139.0,6530.4172375,26.89,4,../data/data_root/data00/3496.pt,3496
3532,4833.0,6523.90515,18.89,4,../data/data_root/data00/3532.pt,3532
3534,3278.0,6524.5876,19.53,4,../data/data_root/data00/3534.pt,3534
3535,4427.0,6521.5522,20.73,4,../data/data_root/data00/3535.pt,3535
3587,3856.0,6558.37785,29.96,4,../data/data_root/data00/3587.pt,3587
3625,5336.0,7497.85096875,21.26,4,../data/data_root/data00/3625.pt,3625
3644,4137.0,5910.194009375,19.28,4,../data/data_root/data00/3644.pt,3644
3647,4728.0,6251.836996875,36.09,4,../data/data_root/data00/3647.pt,3647
3664,3852.0,6620.892997460937,30.15,4,../data/data_root/data00/3664.pt,3664
3699,4063.0,7530.77900546875,41.05,4,../data/data_root/data00/3699.pt,3699
3701,2986.0,7490.5031875,14.96,4,../data/data_root/data00/3701.pt,3701
3762,4679.0,6751.8901,37.42,4,../data/data_root/data00/3762.pt,3762
3769,4743.0,6999.08555,29.35,4,../data/data_root/data00/3769.pt,3769
3774,3393.0,6897.8285,16.67,4,../data/data_root/data00/3774.pt,3774
3787,4319.0,6519.895484375,25.78,4,../data/data_root/data00/3787.pt,3787
3791,3802.0,6182.664,26.92,4,../data/data_root/data00/3791.pt,3791
3816,6164.0,7893.46768125,35.72,4,../data/data_root/data00/3816.pt,3816
3997,4460.0,5397.34415,16.0,4,../data/data_root/data00/3997.pt,3997
4037,4220.0,6503.1084,22.18,4,../data/data_root/data00/4037.pt,4037
4045,2938.0,6503.8801,26.11,4,../data/data_root/data00/4045.pt,4045
4049,2010.0,7227.9096,23.87,4,../data/data_root/data00/4049.pt,4049
4056,2648.0,122306.382,48.52,4,../data/data_root/data00/4056.pt,4056
4062,2396.0,6500.5731,15.63,4,../data/data_root/data00/4062.pt,4062
4064,2797.0,6249.9455,16.68,4,../data/data_root/data00/4064.pt,4064
4066,4315.0,7418.8235,22.11,4,../data/data_root/data00/4066.pt,4066
4078,2949.0,6501.621,23.57,4,../data/data_root/data00/4078.pt,4078
4098,4887.0,6001.16325,35.05,4,../data/data_root/data00/4098.pt,4098
4125,4258.0,6734.175115625,19.94,4,../data/data_root/data00/4125.pt,4125
4183,9855.0,10302.665,22.68,4,../data/data_root/data00/4183.pt,4183
4207,5745.0,6984.28475625,30.14,4,../data/data_root/data00/4207.pt,4207
4209,3252.0,6357.6786,23.64,4,../data/data_root/data00/4209.pt,4209
4325,5250.0,6994.6233,23.81,4,../data/data_root/data00/4325.pt,4325
4368,4621.0,6882.8922,36.14,4,../data/data_root/data00/4368.pt,4368
4384,4684.0,6500.9718,19.78,4,../data/data_root/data00/4384.pt,4384
4386,2907.0,5510.6291,26.18,4,../data/data_root/data00/4386.pt,4386
4394,3007.0,98609.93965,28.72,4,../data/data_root/data00/4394.pt,4394
4408,8728.0,328640.3040480469,21.5,4,../data/data_root/data00/4408.pt,4408
4420,4116.0,6250.5656,24.41,4,../data/data_root/data00/4420.pt,4420
4421,2109.0,6251.4477,12.85,4,../data/data_root/data00/4421.pt,4421
4466,4332.0,6371.1617,27.32,4,../data/data_root/data00/4466.pt,4466
4467,3160.0,5590.4902,28.47,4,../data/data_root/data00/4467.pt,4467
4475,6205.0,30490.595209570314,17.89,4,../data/data_root/data00/4475.pt,4475
4482,5519.0,8354.62625,25.33,4,../data/data_root/data00/4482.pt,4482
4503,4286.0,401242.9367765625,22.88,4,../data/data_root/data00/4503.pt,4503
4534,2706.0,3877.8741,21.25,4,../data/data_root/data00/4534.pt,4534
4541,2099.0,6751.1797,18.1,4,../data/data_root/data00/4541.pt,4541
4547,3275.0,6240.71525,16.63,4,../data/data_root/data00/4547.pt,4547
4569,5720.0,9741.22175,21.52,4,../data/data_root/data00/4569.pt,4569
4577,2526.0,5099.322153125,26.54,4,../data/data_root/data00/4577.pt,4577
4642,2457.0,8271.48175,20.74,4,../data/data_root/data00/4642.pt,4642
4739,2900.0,5003.485391992188,24.33,4,../data/data_root/data00/4739.pt,4739
4745,4319.0,6534.8296,9.68,4,../data/data_root/data00/4745.pt,4745
4753,4172.0,5620.23285,33.1,4,../data/data_root/data00/4753.pt,4753
4757,4562.0,5872.3957,37.46,4,../data/data_root/data00/4757.pt,4757
4767,3788.0,4248.915,20.98,4,../data/data_root/data00/4767.pt,4767
4772,4077.0,5903.567996875,35.49,4,../data/data_root/data00/4772.pt,4772
4773,4431.0,5896.5496,21.93,4,../data/data_root/data00/4773.pt,4773
4779,4765.0,6279.14294375,15.22,4,../data/data_root/data00/4779.pt,4779
4799,4497.0,6959.194596875,24.54,4,../data/data_root/data00/4799.pt,4799
4820,5007.0,6490.73355,37.11,4,../data/data_root/data00/4820.pt,4820
4824,3609.0,5282.368,22.91,4,../data/data_root/data00/4824.pt,4824
4876,2511.0,4906.946403125,15.94,4,../data/data_root/data00/4876.pt,4876
4889,5398.0,7834.568,13.43,4,../data/data_root/data00/4889.pt,4889
4934,3067.0,5950.549028125,23.03,4,../data/data_root/data00/4934.pt,4934
4937,2307.0,5072.8623375,17.37,4,../data/data_root/data00/4937.pt,4937
5089,2503.0,4965.94995,13.49,4,../data/data_root/data00/5089.pt,5089
5100,2517.0,7996.3351,22.0,4,../data/data_root/data00/5100.pt,5100
5182,2282.0,12145.6505,25.63,4,../data/data_root/data00/5182.pt,5182
5257,2666.0,19825.58565,14.18,4,../data/data_root/data00/5257.pt,5257
5259,2246.0,11406.611859375,15.83,4,../data/data_root/data00/5259.pt,5259
5280,2633.0,19825.58565,14.73,4,../data/data_root/data00/5280.pt,5280
5289,2157.0,5697.942880078125,25.73,4,../data/data_root/data00/5289.pt,5289
5318,2384.0,8401.0884,26.22,4,../data/data_root/data00/5318.pt,5318
5323,5225.0,21671.04775,16.17,4,../data/data_root/data00/5323.pt,5323
5357,3153.0,9981.626301171875,20.09,4,../data/data_root/data00/5357.pt,5357
5383,2610.0,4082.3759,14.76,4,../data/data_root/data00/5383.pt,5383
5386,2223.0,5502.099045117187,26.17,4,../data/data_root/data00/5386.pt,5386
5396,3096.0,272995.78557597654,12.89,4,../data/data_root/data00/5396.pt,5396
5400,5521.0,272995.78557597654,24.29,4,../data/data_root/data00/5400.pt,5400
5414,4825.0,272995.78557597654,26.44,4,../data/data_root/data00/5414.pt,5414
5422,3568.0,19048.13136875,25.87,4,../data/data_root/data00/5422.pt,5422
5432,3472.0,11487.2623,16.86,4,../data/data_root/data00/5432.pt,5432
5444,4824.0,278269.5546488281,23.42,4,../data/data_root/data00/5444.pt,5444
5456,4876.0,278269.5546488281,24.12,4,../data/data_root/data00/5456.pt,5456
5460,3150.0,8913.474409375,21.7,4,../data/data_root/data00/5460.pt,5460
5465,2674.0,278269.5546488281,12.6,4,../data/data_root/data00/5465.pt,5465
5474,3976.0,215392.85509101563,14.34,4,../data/data_root/data00/5474.pt,5474
5475,4147.0,10065.1297,28.34,4,../data/data_root/data00/5475.pt,5475
5506,8858.0,40887.0138,21.22,4,../data/data_root/data00/5506.pt,5506
5637,2600.0,8133.99195,15.63,4,../data/data_root/data00/5637.pt,5637
5673,2600.0,9171.67541875,15.33,4,../data/data_root/data00/5673.pt,5673
5703,7428.0,1286.61555,27.63,4,../data/data_root/data00/5703.pt,5703
5744,6315.0,2593.1667,18.48,4,../data/data_root/data00/5744.pt,5744
5758,2859.0,11242.388422851562,23.54,4,../data/data_root/data00/5758.pt,5758
5815,2375.0,4415.5191,13.81,4,../data/data_root/data00/5815.pt,5815
5850,2332.0,5504.77875,17.97,4,../data/data_root/data00/5850.pt,5850
5908,3507.0,8166.45385,15.18,4,../data/data_root/data00/5908.pt,5908
5937,2286.0,9510.727,16.94,4,../data/data_root/data00/5937.pt,5937
5983,6364.0,519747.72859433596,32.31,4,../data/data_root/data00/5983.pt,5983
6023,2824.0,10929.60655,12.27,4,../data/data_root/data00/6023.pt,6023
6039,6105.0,2550.099,18.22,4,../data/data_root/data00/6039.pt,6039
6083,4544.0,21354.106427929688,16.51,4,../data/data_root/data00/6083.pt,6083
6084,7495.0,112342.21382773438,24.34,4,../data/data_root/data00/6084.pt,6084
6144,2804.0,272995.78557597654,11.59,4,../data/data_root/data00/6144.pt,6144
6171,3079.0,223559.2929,16.64,4,../data/data_root/data00/6171.pt,6171
6181,4160.0,20958.6041,28.47,4,../data/data_root/data00/6181.pt,6181
6184,4224.0,2561.75185,22.15,4,../data/data_root/data00/6184.pt,6184
6195,6411.0,519747.72859433596,34.35,4,../data/data_root/data00/6195.pt,6195
6199,8698.0,752924.6393681641,32.1,4,../data/data_root/data00/6199.pt,6199
6226,4019.0,20443.92955,14.69,4,../data/data_root/data00/6226.pt,6226
6275,3797.0,21438.1713,14.86,4,../data/data_root/data00/6275.pt,6275
6325,3620.0,142007.535609375,18.61,4,../data/data_root/data00/6325.pt,6325
6356,2784.0,278269.5546488281,11.18,4,../data/data_root/data00/6356.pt,6356
6357,3007.0,18254.90691308594,24.02,4,../data/data_root/data00/6357.pt,6357
6393,6096.0,2234.0141,19.44,4,../data/data_root/data00/6393.pt,6393
6436,2696.0,309395.2747699219,12.04,4,../data/data_root/data00/6436.pt,6436
6472,2708.0,45601.3086375,15.18,4,../data/data_root/data00/6472.pt,6472
6482,3082.0,8351.2460625,22.29,4,../data/data_root/data00/6482.pt,6482
6542,6258.0,20717.7863625,17.19,4,../data/data_root/data00/6542.pt,6542
6605,4344.0,108775.655321875,23.2,4,../data/data_root/data00/6605.pt,6605
6676,3689.0,6421.0688,19.12,4,../data/data_root/data00/6676.pt,6676
6682,4239.0,17038.5164,27.01,4,../data/data_root/data00/6682.pt,6682
6690,3446.0,16101.09855,15.98,4,../data/data_root/data00/6690.pt,6690
6713,4335.0,17081.6374,19.86,4,../data/data_root/data00/6713.pt,6713
6733,2996.0,13967.252284179687,23.85,4,../data/data_root/data00/6733.pt,6733
6743,6430.0,31527.88815,19.91,4,../data/data_root/data00/6743.pt,6743
6758,2669.0,10656.22555,18.8,4,../data/data_root/data00/6758.pt,6758
6809,3390.0,10055.16706875,25.46,4,../data/data_root/data00/6809.pt,6809
6816,4469.0,11250.1267,18.76,4,../data/data_root/data00/6816.pt,6816
6839,4893.0,23382.697,16.05,4,../data/data_root/data00/6839.pt,6839
6851,3450.0,22137.910896875,26.31,4,../data/data_root/data00/6851.pt,6851
6858,2684.0,22804.1469703125,18.13,4,../data/data_root/data00/6858.pt,6858
6863,4502.0,44040.21105,17.62,4,../data/data_root/data00/6863.pt,6863
6870,4931.0,19597.27255,15.73,4,../data/data_root/data00/6870.pt,6870
6929,3397.0,28556.0512,28.47,4,../data/data_root/data00/6929.pt,6929
6933,4277.0,50970.527668554685,16.59,4,../data/data_root/data00/6933.pt,6933
6962,12949.0,40567.18880820312,29.44,4,../data/data_root/data00/6962.pt,6962
6975,5532.0,20620.99270859375,16.45,4,../data/data_root/data00/6975.pt,6975
6976,5919.0,24290.892431054686,26.39,4,../data/data_root/data00/6976.pt,6976
7006,2408.0,24104.371140625,21.63,4,../data/data_root/data00/7006.pt,7006
7007,3101.0,20211.494,20.97,4,../data/data_root/data00/7007.pt,7007
7012,2656.0,5083.6269,16.28,4,../data/data_root/data00/7012.pt,7012
7021,5000.0,120461.335490625,9.79,4,../data/data_root/data00/7021.pt,7021
7059,2609.0,5573.04665,15.77,4,../data/data_root/data00/7059.pt,7059
7069,6640.0,68600.011740625,17.4,4,../data/data_root/data00/7069.pt,7069
7089,3572.0,10024.64055,20.16,4,../data/data_root/data00/7089.pt,7089
7091,3648.0,10374.0343,16.98,4,../data/data_root/data00/7091.pt,7091
7150,2916.0,7036.8376,20.62,4,../data/data_root/data00/7150.pt,7150
7220,4578.0,16163.797267382812,18.12,4,../data/data_root/data00/7220.pt,7220
7287,3196.0,15332.9637625,14.0,4,../data/data_root/data00/7287.pt,7287
7338,4413.0,26670.610634375,15.75,4,../data/data_root/data00/7338.pt,7338
7355,4793.0,27294.025064453126,20.02,4,../data/data_root/data00/7355.pt,7355
7365,4672.0,55038.39897597656,14.25,4,../data/data_root/data00/7365.pt,7365
7414,4521.0,12275.4114375,28.74,4,../data/data_root/data00/7414.pt,7414
7415,6055.0,62488.76584375,38.16,4,../data/data_root/data00/7415.pt,7415
7432,5601.0,16717.236983007813,18.54,4,../data/data_root/data00/7432.pt,7432
7455,2588.0,5582.785215625,25.13,4,../data/data_root/data00/7455.pt,7455
7472,4934.0,52691.43225,25.53,4,../data/data_root/data00/7472.pt,7472
7473,6808.0,45001.487696875,20.53,4,../data/data_root/data00/7473.pt,7473
7474,3522.0,31668.662014453126,24.27,4,../data/data_root/data00/7474.pt,7474
7486,3135.0,13080.868,15.56,4,../data/data_root/data00/7486.pt,7486
7520,3534.0,17703.686825,19.89,4,../data/data_root/data00/7520.pt,7520
7541,3537.0,9516.07985,19.96,4,../data/data_root/data00/7541.pt,7541
7586,3007.0,7569.4158,21.38,4,../data/data_root/data00/7586.pt,7586
7687,4522.0,14466.807340625,19.12,4,../data/data_root/data00/7687.pt,7687
7701,3061.0,8498.1516,19.81,4,../data/data_root/data00/7701.pt,7701
7703,3167.0,14950.602547265626,19.09,4,../data/data_root/data00/7703.pt,7703
7725,3476.0,8554.44525,17.0,4,../data/data_root/data00/7725.pt,7725
7736,3197.0,10681.9497,22.93,4,../data/data_root/data00/7736.pt,7736
7752,7980.0,115683.41022539063,20.87,4,../data/data_root/data00/7752.pt,7752
7753,4127.0,25256.316583007814,18.01,4,../data/data_root/data00/7753.pt,7753
7774,4313.0,22463.2116625,22.85,4,../data/data_root/data00/7774.pt,7774
7781,2801.0,8248.686721875,14.98,4,../data/data_root/data00/7781.pt,7781
7783,5741.0,119727.1211,16.3,4,../data/data_root/data00/7783.pt,7783
7800,3553.0,17201.595171289064,28.15,4,../data/data_root/data00/7800.pt,7800
7814,3039.0,6252.69415,16.69,4,../data/data_root/data00/7814.pt,7814
7821,2731.0,6953.5622,22.31,4,../data/data_root/data00/7821.pt,7821
7859,3147.0,6590.3864,13.48,4,../data/data_root/data00/7859.pt,7859
7876,4090.0,15188.867286132812,25.05,4,../data/data_root/data00/7876.pt,7876
7898,4405.0,13604.38775,25.53,4,../data/data_root/data00/7898.pt,7898
7900,3631.0,9321.29585,20.93,4,../data/data_root/data00/7900.pt,7900
7969,3068.0,8899.666625,19.63,4,../data/data_root/data00/7969.pt,7969
7992,2859.0,10833.046108398437,20.47,4,../data/data_root/data00/7992.pt,7992
7997,2900.0,14968.0799,18.59,4,../data/data_root/data00/7997.pt,7997
8091,2349.0,6540.9614,10.68,4,../data/data_root/data00/8091.pt,8091
8107,2667.0,5037.1937,16.51,4,../data/data_root/data00/8107.pt,8107
8122,3729.0,12572.7418,26.71,4,../data/data_root/data00/8122.pt,8122
8172,4748.0,15747.109632617188,17.15,4,../data/data_root/data00/8172.pt,8172
8174,4766.0,20637.21575,23.54,4,../data/data_root/data00/8174.pt,8174
8181,3602.0,18795.4515125,25.47,4,../data/data_root/data00/8181.pt,8181
8183,5584.0,2218.98895,19.4,4,../data/data_root/data00/8183.pt,8183
8245,4830.0,14931.91045,21.08,4,../data/data_root/data00/8245.pt,8245
8249,4742.0,18620.02455,16.82,4,../data/data_root/data00/8249.pt,8249
8257,5452.0,20722.02405,21.06,4,../data/data_root/data00/8257.pt,8257
8266,3658.0,10726.8711,22.8,4,../data/data_root/data00/8266.pt,8266
8364,3973.0,30857.4213,21.23,4,../data/data_root/data00/8364.pt,8364
8392,5969.0,31404.728,31.53,4,../data/data_root/data00/8392.pt,8392
8424,2729.0,7503.49065,23.09,4,../data/data_root/data00/8424.pt,8424
8426,4493.0,20360.56715,27.15,4,../data/data_root/data00/8426.pt,8426
8485,2872.0,7486.1154,14.69,4,../data/data_root/data00/8485.pt,8485
8524,3345.0,9270.53395,15.96,4,../data/data_root/data00/8524.pt,8524
8530,6286.0,24292.79605,29.83,4,../data/data_root/data00/8530.pt,8530
8535,2949.0,9078.9755,15.24,4,../data/data_root/data00/8535.pt,8535
8550,4740.0,11855.17215,15.68,4,../data/data_root/data00/8550.pt,8550
8561,4973.0,12450.6576,28.41,4,../data/data_root/data00/8561.pt,8561
8642,2379.0,4998.54115,10.9,4,../data/data_root/data00/8642.pt,8642
8649,4089.0,10670.2948,22.31,4,../data/data_root/data00/8649.pt,8649
8652,4342.0,9801.727,25.13,4,../data/data_root/data00/8652.pt,8652
8655,3889.0,7207.1209,24.02,4,../data/data_root/data00/8655.pt,8655
8718,2928.0,11502.5121,11.88,4,../data/data_root/data00/8718.pt,8718
8738,3040.0,7013.40320625,25.08,4,../data/data_root/data00/8738.pt,8738
8740,3700.0,18509.72935,20.37,4,../data/data_root/data00/8740.pt,8740
8752,3160.0,8762.1803,17.7,4,../data/data_root/data00/8752.pt,8752
8758,3070.0,8794.929,16.67,4,../data/data_root/data00/8758.pt,8758
8787,2616.0,9516.781265625,21.52,4,../data/data_root/data00/8787.pt,8787
8809,2824.0,10208.950221875,18.51,4,../data/data_root/data00/8809.pt,8809
8811,4697.0,50325.3410375,34.24,4,../data/data_root/data00/8811.pt,8811
8821,3146.0,12150.79095,16.58,4,../data/data_root/data00/8821.pt,8821
8832,4166.0,15803.12345234375,15.55,4,../data/data_root/data00/8832.pt,8832
8840,2750.0,9485.600325,25.41,4,../data/data_root/data00/8840.pt,8840
8841,2685.0,7838.9966,25.35,4,../data/data_root/data00/8841.pt,8841
8842,2799.0,9037.14606875,22.76,4,../data/data_root/data00/8842.pt,8842
8854,5016.0,15027.76804609375,16.21,4,../data/data_root/data00/8854.pt,8854
8866,5256.0,11270.70345,36.54,4,../data/data_root/data00/8866.pt,8866
8869,2742.0,7315.10135,15.28,4,../data/data_root/data00/8869.pt,8869
8901,2531.0,5960.22525,20.3,4,../data/data_root/data00/8901.pt,8901
8902,3313.0,10741.15263125,23.35,4,../data/data_root/data00/8902.pt,8902
8913,3801.0,18445.21811484375,27.57,4,../data/data_root/data00/8913.pt,8913
8919,3464.0,10129.72395,19.01,4,../data/data_root/data00/8919.pt,8919
8974,6282.0,14967.632143945313,21.04,4,../data/data_root/data00/8974.pt,8974
8987,2829.0,7814.13215,18.63,4,../data/data_root/data00/8987.pt,8987
9007,3317.0,9808.0876,23.27,4,../data/data_root/data00/9007.pt,9007
9025,2615.0,10305.452020703126,24.91,4,../data/data_root/data00/9025.pt,9025
9033,2653.0,9892.474871875,22.11,4,../data/data_root/data00/9033.pt,9033
9035,5380.0,30769.919759765624,15.8,4,../data/data_root/data00/9035.pt,9035
9071,3333.0,7565.1175,13.99,4,../data/data_root/data00/9071.pt,9071
9073,2718.0,10819.146871875,23.73,4,../data/data_root/data00/9073.pt,9073
9122,2453.0,10430.0061,23.18,4,../data/data_root/data00/9122.pt,9122
9124,2599.0,11049.4446,20.39,4,../data/data_root/data00/9124.pt,9124
9125,8386.0,32859.31005,22.22,4,../data/data_root/data00/9125.pt,9125
9136,2997.0,12873.62678203125,13.42,4,../data/data_root/data00/9136.pt,9136
9146,4470.0,24745.740315625,14.7,4,../data/data_root/data00/9146.pt,9146
9169,3065.0,6216.35205,14.26,4,../data/data_root/data00/9169.pt,9169
9205,2932.0,15476.9086,14.38,4,../data/data_root/data00/9205.pt,9205
9209,4151.0,14767.71855,15.65,4,../data/data_root/data00/9209.pt,9209
9210,3213.0,20387.12707421875,23.3,4,../data/data_root/data00/9210.pt,9210
9227,3577.0,12918.60985,19.36,4,../data/data_root/data00/9227.pt,9227
9254,3087.0,9316.83375,25.21,4,../data/data_root/data00/9254.pt,9254
9277,5576.0,23669.01821328125,15.53,4,../data/data_root/data00/9277.pt,9277
9286,3514.0,19334.0667,22.94,4,../data/data_root/data00/9286.pt,9286
9359,4824.0,11087.82275,25.01,4,../data/data_root/data00/9359.pt,9359
9375,3845.0,13105.65355,21.2,4,../data/data_root/data00/9375.pt,9375
9379,4092.0,16681.28905,26.08,4,../data/data_root/data00/9379.pt,9379
9388,2654.0,8441.72375,17.12,4,../data/data_root/data00/9388.pt,9388
9392,8437.0,60704.4050375,21.55,4,../data/data_root/data00/9392.pt,9392
9416,3147.0,5902.0354,15.46,4,../data/data_root/data00/9416.pt,9416
9425,3233.0,6001.5138,29.69,4,../data/data_root/data00/9425.pt,9425
9452,3315.0,10778.1265,14.73,4,../data/data_root/data00/9452.pt,9452
9475,4659.0,15681.28874375,20.33,4,../data/data_root/data00/9475.pt,9475
9480,2983.0,7802.9169,15.43,4,../data/data_root/data00/9480.pt,9480
9481,2952.0,7236.9088,16.54,4,../data/data_root/data00/9481.pt,9481
9499,3123.0,7279.28545,13.54,4,../data/data_root/data00/9499.pt,9499
9514,6508.0,21563.790857226562,23.25,4,../data/data_root/data00/9514.pt,9514
9518,3778.0,27706.85495,16.51,4,../data/data_root/data00/9518.pt,9518
9520,2825.0,11191.30515,16.34,4,../data/data_root/data00/9520.pt,9520
9526,2920.0,18812.18435,15.98,4,../data/data_root/data00/9526.pt,9526
9532,3407.0,12098.2285,16.01,4,../data/data_root/data00/9532.pt,9532
9604,2708.0,9010.25385,16.81,4,../data/data_root/data00/9604.pt,9604
9632,3795.0,14597.1757,13.72,4,../data/data_root/data00/9632.pt,9632
9657,2900.0,5935.5079,15.97,4,../data/data_root/data00/9657.pt,9657
9658,2773.0,6223.17595,17.36,4,../data/data_root/data00/9658.pt,9658
9691,3488.0,11026.497,19.02,4,../data/data_root/data00/9691.pt,9691
9694,2767.0,8035.59105,15.47,4,../data/data_root/data00/9694.pt,9694
9699,3701.0,10290.94355,17.79,4,../data/data_root/data00/9699.pt,9699
9700,3450.0,9219.12834375,15.92,4,../data/data_root/data00/9700.pt,9700
9701,2751.0,9996.1027,19.14,4,../data/data_root/data00/9701.pt,9701
9709,4256.0,25755.670525976562,28.47,4,../data/data_root/data00/9709.pt,9709
9724,2549.0,9471.165,23.19,4,../data/data_root/data00/9724.pt,9724
9756,2220.0,38434.19165,10.39,4,../data/data_root/data00/9756.pt,9756
9779,13469.0,39890.137059375,32.77,4,../data/data_root/data00/9779.pt,9779
9793,3517.0,11523.43605,15.83,4,../data/data_root/data00/9793.pt,9793
9804,2924.0,12014.85005,19.81,4,../data/data_root/data00/9804.pt,9804
9806,2993.0,7399.5883,18.21,4,../data/data_root/data00/9806.pt,9806
9810,4055.0,12594.3615,25.87,4,../data/data_root/data00/9810.pt,9810
9811,4085.0,17174.088915625,21.71,4,../data/data_root/data00/9811.pt,9811
9860,2002.0,6456.3588,18.92,4,../data/data_root/data00/9860.pt,9860
9871,3599.0,10487.615496875,15.29,4,../data/data_root/data00/9871.pt,9871
9883,5059.0,13244.8906,16.07,4,../data/data_root/data00/9883.pt,9883
9886,5572.0,17187.50745,21.63,4,../data/data_root/data00/9886.pt,9886
9904,3495.0,9512.5864,16.79,4,../data/data_root/data00/9904.pt,9904
9927,2626.0,8526.92605,19.6,4,../data/data_root/data00/9927.pt,9927
9929,2558.0,9878.295703125,14.16,4,../data/data_root/data00/9929.pt,9929
9930,4796.0,21917.64754589844,20.86,4,../data/data_root/data00/9930.pt,9930
9941,2664.0,5512.8356,15.53,4,../data/data_root/data00/9941.pt,9941
9968,2895.0,10134.50815,14.88,4,../data/data_root/data00/9968.pt,9968
9987,2469.0,4979.41995,15.67,4,../data/data_root/data00/9987.pt,9987
10009,4703.0,21974.114520898438,23.18,4,../data/data_root/data00/10009.pt,10009
10010,3753.0,25892.13629375,15.02,4,../data/data_root/data00/10010.pt,10010
10019,3406.0,21278.09389140625,16.9,4,../data/data_root/data00/10019.pt,10019
10027,4514.0,16876.5813,17.16,4,../data/data_root/data00/10027.pt,10027
10030,2750.0,8858.24555,14.87,4,../data/data_root/data00/10030.pt,10030
10054,3492.0,8210.1032,15.85,4,../data/data_root/data00/10054.pt,10054
10057,3243.0,10338.67625546875,17.72,4,../data/data_root/data00/10057.pt,10057
10063,5034.0,20258.7211,12.45,4,../data/data_root/data00/10063.pt,10063
10106,3074.0,5774.85545,25.29,4,../data/data_root/data00/10106.pt,10106
10154,3454.0,10564.690214453125,27.84,4,../data/data_root/data00/10154.pt,10154
10164,8595.0,63491.101013867185,26.11,4,../data/data_root/data00/10164.pt,10164
10175,2917.0,8283.5844,19.98,4,../data/data_root/data00/10175.pt,10175
10187,9359.0,61399.7986875,23.42,4,../data/data_root/data00/10187.pt,10187
10199,4764.0,17320.63600878906,24.03,4,../data/data_root/data00/10199.pt,10199
10205,4674.0,21265.453205078124,17.84,4,../data/data_root/data00/10205.pt,10205
10209,2895.0,7666.1543,20.47,4,../data/data_root/data00/10209.pt,10209
10230,3002.0,8176.92495,21.05,4,../data/data_root/data00/10230.pt,10230
10234,2996.0,11187.478503125,19.87,4,../data/data_root/data00/10234.pt,10234
10258,2541.0,13542.23595625,20.13,4,../data/data_root/data00/10258.pt,10258
10261,2736.0,6224.16564375,12.67,4,../data/data_root/data00/10261.pt,10261
10274,2830.0,12673.58105,17.84,4,../data/data_root/data00/10274.pt,10274
10331,3125.0,7919.25485,23.67,4,../data/data_root/data00/10331.pt,10331
10342,3130.0,8803.852509375,17.66,4,../data/data_root/data00/10342.pt,10342
10370,8916.0,20340.941596875,24.04,4,../data/data_root/data00/10370.pt,10370
10377,4015.0,10832.8266,16.23,4,../data/data_root/data00/10377.pt,10377
10395,2607.0,7008.56155,13.78,4,../data/data_root/data00/10395.pt,10395
10404,2995.0,10745.77841171875,23.73,4,../data/data_root/data00/10404.pt,10404
10406,3343.0,8495.21845,16.01,4,../data/data_root/data00/10406.pt,10406
10443,2719.0,7342.9235,17.35,4,../data/data_root/data00/10443.pt,10443
10486,3113.0,10245.739,13.96,4,../data/data_root/data00/10486.pt,10486
10496,2559.0,10425.5439,15.67,4,../data/data_root/data00/10496.pt,10496
10510,2526.0,6254.79385,15.45,4,../data/data_root/data00/10510.pt,10510
10513,3348.0,33741.46345,12.39,4,../data/data_root/data00/10513.pt,10513
10545,4318.0,14575.410457617187,27.6,4,../data/data_root/data00/10545.pt,10545
10546,7141.0,54188.915603125,17.96,4,../data/data_root/data00/10546.pt,10546
10547,3461.0,11244.45705,23.36,4,../data/data_root/data00/10547.pt,10547
10549,3556.0,21029.826888085936,21.01,4,../data/data_root/data00/10549.pt,10549
10576,4615.0,16447.45835,19.31,4,../data/data_root/data00/10576.pt,10576
10597,2826.0,8461.0999,19.06,4,../data/data_root/data00/10597.pt,10597
10598,6384.0,52204.152180859375,32.02,4,../data/data_root/data00/10598.pt,10598
10603,3690.0,12177.3334,26.01,4,../data/data_root/data00/10603.pt,10603
10609,3901.0,15221.473053125,22.3,4,../data/data_root/data00/10609.pt,10609
10636,4801.0,12242.479285742187,23.04,4,../data/data_root/data00/10636.pt,10636
10638,4777.0,14944.3876875,19.57,4,../data/data_root/data00/10638.pt,10638
10645,3249.0,10998.657928125,27.12,4,../data/data_root/data00/10645.pt,10645
10661,3711.0,20333.451384765624,17.62,4,../data/data_root/data00/10661.pt,10661
10662,2949.0,23280.6513625,23.67,4,../data/data_root/data00/10662.pt,10662
10666,2992.0,9859.387,27.51,4,../data/data_root/data00/10666.pt,10666
10682,2381.0,10533.5812,22.04,4,../data/data_root/data00/10682.pt,10682
10686,3146.0,11643.31265,17.81,4,../data/data_root/data00/10686.pt,10686
10706,3479.0,9674.3012,25.43,4,../data/data_root/data00/10706.pt,10706
10723,3663.0,15727.2318,30.42,4,../data/data_root/data00/10723.pt,10723
10748,3646.0,12144.9097125,25.8,4,../data/data_root/data00/10748.pt,10748
10753,3954.0,8103.05515,24.23,4,../data/data_root/data00/10753.pt,10753
10755,3271.0,12071.067594140624,25.44,4,../data/data_root/data00/10755.pt,10755
10772,2735.0,19938.174258398438,24.07,4,../data/data_root/data00/10772.pt,10772
10774,2835.0,11275.8292,17.8,4,../data/data_root/data00/10774.pt,10774
10778,3121.0,10124.13055078125,21.97,4,../data/data_root/data00/10778.pt,10778
10791,4357.0,10895.30704375,17.15,4,../data/data_root/data00/10791.pt,10791
10807,2902.0,7195.3098,19.63,4,../data/data_root/data00/10807.pt,10807
10830,4771.0,19888.948471875,27.76,4,../data/data_root/data00/10830.pt,10830
10847,3064.0,11599.6983,19.43,4,../data/data_root/data00/10847.pt,10847
10867,5055.0,19367.0353,18.93,4,../data/data_root/data00/10867.pt,10867
10968,3181.0,7181.6766,30.59,4,../data/data_root/data00/10968.pt,10968
10971,4937.0,20528.907234375,14.26,4,../data/data_root/data00/10971.pt,10971
10988,3456.0,16487.85005,16.57,4,../data/data_root/data00/10988.pt,10988
10990,3103.0,11493.684508203125,21.07,4,../data/data_root/data00/10990.pt,10990
11060,4277.0,17045.792975,24.42,4,../data/data_root/data00/11060.pt,11060
11091,2613.0,11009.5686,17.13,4,../data/data_root/data00/11091.pt,11091
11188,3544.0,10221.647084375,20.21,4,../data/data_root/data00/11188.pt,11188
11193,4037.0,12616.2168,19.08,4,../data/data_root/data00/11193.pt,11193
11199,3642.0,25474.618508203126,20.19,4,../data/data_root/data00/11199.pt,11199
11255,2613.0,7984.35635,22.53,4,../data/data_root/data00/11255.pt,11255
11260,3428.0,7586.84915,17.09,4,../data/data_root/data00/11260.pt,11260
11313,3617.0,12511.4318,11.64,4,../data/data_root/data00/11313.pt,11313
11326,3099.0,10250.577,15.16,4,../data/data_root/data00/11326.pt,11326
11335,2568.0,7860.43775,17.46,4,../data/data_root/data00/11335.pt,11335
11360,4044.0,17817.322606835936,17.89,4,../data/data_root/data00/11360.pt,11360
11388,2923.0,12954.6902,18.18,4,../data/data_root/data00/11388.pt,11388
11432,2968.0,7886.624560742188,14.12,4,../data/data_root/data00/11432.pt,11432
11434,3348.0,9477.809078125,16.29,4,../data/data_root/data00/11434.pt,11434
11455,4185.0,14048.2528,26.4,4,../data/data_root/data00/11455.pt,11455
11458,3162.0,213419.618040625,28.8,4,../data/data_root/data00/11458.pt,11458
11463,2828.0,7234.079475,16.35,4,../data/data_root/data00/11463.pt,11463
11497,3111.0,20340.13245,17.37,4,../data/data_root/data00/11497.pt,11497
11504,3506.0,9433.001525,16.3,4,../data/data_root/data00/11504.pt,11504
11519,4085.0,22187.646915625,20.28,4,../data/data_root/data00/11519.pt,11519
11539,3906.0,22183.38985,18.57,4,../data/data_root/data00/11539.pt,11539
11558,3147.0,10356.413647070312,14.92,4,../data/data_root/data00/11558.pt,11558
11604,3275.0,9899.87286875,16.5,4,../data/data_root/data00/11604.pt,11604
11616,5325.0,133022.94809414062,27.16,4,../data/data_root/data00/11616.pt,11616
11690,3075.0,7742.18275,14.94,4,../data/data_root/data00/11690.pt,11690
11691,3209.0,9455.0133625,16.24,4,../data/data_root/data00/11691.pt,11691
11692,3017.0,13572.42555,11.66,4,../data/data_root/data00/11692.pt,11692
11696,3504.0,8625.0843203125,15.14,4,../data/data_root/data00/11696.pt,11696
11761,2966.0,9149.3503,21.37,4,../data/data_root/data00/11761.pt,11761
11767,2683.0,5695.630934375,15.07,4,../data/data_root/data00/11767.pt,11767
11769,3424.0,9895.4931,13.32,4,../data/data_root/data00/11769.pt,11769
11782,2230.0,10979.97295,11.53,4,../data/data_root/data00/11782.pt,11782
11796,3012.0,11879.200341015625,16.41,4,../data/data_root/data00/11796.pt,11796
11833,3830.0,11609.7878,21.03,4,../data/data_root/data00/11833.pt,11833
11907,2620.0,5974.529796875,13.18,4,../data/data_root/data00/11907.pt,11907
11917,2740.0,7410.988954492187,25.32,4,../data/data_root/data00/11917.pt,11917
11946,2827.0,6585.112667773437,17.54,4,../data/data_root/data00/11946.pt,11946
11978,3589.0,5992.2306,23.87,4,../data/data_root/data00/11978.pt,11978
11994,2640.0,5253.80171640625,17.85,4,../data/data_root/data00/11994.pt,11994
11998,3448.0,6243.7329,24.03,4,../data/data_root/data00/11998.pt,11998
12011,3851.0,6687.175968359375,25.23,4,../data/data_root/data00/12011.pt,12011
12022,13219.0,45133.6246,30.9,4,../data/data_root/data00/12022.pt,12022
12152,3896.0,20527.980946875,12.91,4,../data/data_root/data00/12152.pt,12152
12153,2884.0,18154.1473,13.0,4,../data/data_root/data00/12153.pt,12153
12177,2726.0,31223.764021875,11.0,4,../data/data_root/data00/12177.pt,12177
12221,2030.0,12321.16658125,14.56,4,../data/data_root/data00/12221.pt,12221
12292,2622.0,6166.72195,15.12,4,../data/data_root/data00/12292.pt,12292
12313,3177.0,7105.732093554688,18.84,4,../data/data_root/data00/12313.pt,12313
12325,3584.0,6151.648639257813,15.58,4,../data/data_root/data00/12325.pt,12325
12331,3356.0,16596.306234375,23.75,4,../data/data_root/data00/12331.pt,12331
12349,2234.0,59481.0904,13.62,4,../data/data_root/data00/12349.pt,12349
12483,4469.0,20184.07505,15.03,4,../data/data_root/data00/12483.pt,12483
12548,3982.0,24371.826818945312,12.45,4,../data/data_root/data00/12548.pt,12548
12556,4629.0,13844.370520898437,15.19,4,../data/data_root/data00/12556.pt,12556
12689,2552.0,10677.989507226563,19.52,4,../data/data_root/data00/12689.pt,12689
12727,2785.0,29128.80777421875,20.66,4,../data/data_root/data00/12727.pt,12727
12746,3297.0,31696.9520375,21.2,4,../data/data_root/data00/12746.pt,12746
12777,3677.0,21058.66396875,16.92,4,../data/data_root/data00/12777.pt,12777
12830,3569.0,20565.3655,14.93,4,../data/data_root/data00/12830.pt,12830
12834,3388.0,24529.8582,24.84,4,../data/data_root/data00/12834.pt,12834
12857,2884.0,6862.9175,17.63,4,../data/data_root/data00/12857.pt,12857
12859,2754.0,6741.7263,21.32,4,../data/data_root/data00/12859.pt,12859
12865,3125.0,11100.0819,16.59,4,../data/data_root/data00/12865.pt,12865
12870,3065.0,11167.037265625,14.81,4,../data/data_root/data00/12870.pt,12870
12875,4679.0,214562.76463964843,30.51,4,../data/data_root/data00/12875.pt,12875
12918,3203.0,12873.9022,12.69,4,../data/data_root/data00/12918.pt,12918
12959,2023.0,27493.06815,31.74,4,../data/data_root/data00/12959.pt,12959
12969,3240.0,9384.4849,12.39,4,../data/data_root/data00/12969.pt,12969
13008,3253.0,8121.007439648438,11.42,4,../data/data_root/data00/13008.pt,13008
13036,3806.0,36423.11292753906,12.33,4,../data/data_root/data00/13036.pt,13036
13052,2347.0,12446.3776,12.97,4,../data/data_root/data00/13052.pt,13052
13066,4109.0,21344.313138671874,16.01,4,../data/data_root/data00/13066.pt,13066
13067,4761.0,31083.22245,16.92,4,../data/data_root/data00/13067.pt,13067
13073,3596.0,19762.4021,16.74,4,../data/data_root/data00/13073.pt,13073
13080,3251.0,7452.59170234375,16.55,4,../data/data_root/data00/13080.pt,13080
13095,7040.0,38727.34831035156,13.6,4,../data/data_root/data00/13095.pt,13095
13117,4164.0,20081.8428,15.07,4,../data/data_root/data00/13117.pt,13117
13119,3167.0,33896.2811125,18.74,4,../data/data_root/data00/13119.pt,13119
13122,4627.0,49464.407608789064,20.56,4,../data/data_root/data00/13122.pt,13122
13125,2828.0,24043.116003710937,10.54,4,../data/data_root/data00/13125.pt,13125
13130,3210.0,41527.716759375,15.57,4,../data/data_root/data00/13130.pt,13130
13147,3375.0,10215.941,13.79,4,../data/data_root/data00/13147.pt,13147
13153,4345.0,19897.32137734375,18.51,4,../data/data_root/data00/13153.pt,13153
13156,3318.0,8088.388278125,14.93,4,../data/data_root/data00/13156.pt,13156
13163,4273.0,24527.702677734374,11.84,4,../data/data_root/data00/13163.pt,13163
13178,4375.0,21299.601695898436,17.42,4,../data/data_root/data00/13178.pt,13178
13187,5244.0,22667.515072070313,22.38,4,../data/data_root/data00/13187.pt,13187
13232,3909.0,12012.5876,17.36,4,../data/data_root/data00/13232.pt,13232
13241,3138.0,12108.6613,17.79,4,../data/data_root/data00/13241.pt,13241
13269,2881.0,7901.3966,23.15,4,../data/data_root/data00/13269.pt,13269
13284,2531.0,12057.99519375,19.23,4,../data/data_root/data00/13284.pt,13284
13285,3282.0,10795.5676625,27.88,4,../data/data_root/data00/13285.pt,13285
13290,3131.0,12606.065868164062,15.21,4,../data/data_root/data00/13290.pt,13290
13292,3330.0,10060.22675,16.19,4,../data/data_root/data00/13292.pt,13292
13298,4001.0,18709.04295,14.38,4,../data/data_root/data00/13298.pt,13298
13300,5452.0,11486.6857,18.74,4,../data/data_root/data00/13300.pt,13300
13308,3040.0,12196.68,16.88,4,../data/data_root/data00/13308.pt,13308
13347,3550.0,9159.690596875,18.85,4,../data/data_root/data00/13347.pt,13347
13355,4097.0,10780.7525,19.99,4,../data/data_root/data00/13355.pt,13355
13370,3375.0,11895.10345,22.8,4,../data/data_root/data00/13370.pt,13370
13371,4265.0,10854.44315,20.66,4,../data/data_root/data00/13371.pt,13371
13376,4235.0,10172.4579,17.92,4,../data/data_root/data00/13376.pt,13376
13378,3821.0,12024.3356,15.18,4,../data/data_root/data00/13378.pt,13378
13413,3554.0,10317.52375,22.98,4,../data/data_root/data00/13413.pt,13413
13414,2830.0,11809.162781445313,18.79,4,../data/data_root/data00/13414.pt,13414
13419,3107.0,207880.7759160156,16.29,4,../data/data_root/data00/13419.pt,13419
13442,3417.0,32985.3977,23.84,4,../data/data_root/data00/13442.pt,13442
13453,4240.0,22329.61989296875,14.2,4,../data/data_root/data00/13453.pt,13453
13479,3424.0,12132.4068,10.83,4,../data/data_root/data00/13479.pt,13479
13494,3194.0,12147.4718,17.13,4,../data/data_root/data00/13494.pt,13494
13505,4099.0,10962.50415,15.45,4,../data/data_root/data00/13505.pt,13505
13521,3344.0,10820.0515,12.7,4,../data/data_root/data00/13521.pt,13521
13530,4189.0,27195.428675976564,11.21,4,../data/data_root/data00/13530.pt,13530
13532,4461.0,10128.85205,23.18,4,../data/data_root/data00/13532.pt,13532
13533,2832.0,12124.854,17.48,4,../data/data_root/data00/13533.pt,13533
13534,3333.0,10584.5755,19.53,4,../data/data_root/data00/13534.pt,13534
13597,3511.0,20175.10097675781,17.84,4,../data/data_root/data00/13597.pt,13597
13607,3109.0,18963.02405,13.41,4,../data/data_root/data00/13607.pt,13607
13609,3645.0,29136.639318945312,23.82,4,../data/data_root/data00/13609.pt,13609
13612,3210.0,35454.54904492188,14.58,4,../data/data_root/data00/13612.pt,13612
13625,5433.0,27374.3845,16.58,4,../data/data_root/data00/13625.pt,13625
13634,3490.0,11990.30615,17.23,4,../data/data_root/data00/13634.pt,13634
13638,3314.0,10696.1936,19.04,4,../data/data_root/data00/13638.pt,13638
13682,4083.0,12532.223917578125,25.28,4,../data/data_root/data00/13682.pt,13682
13685,3767.0,19256.736258789064,16.59,4,../data/data_root/data00/13685.pt,13685
13705,3398.0,10542.913216992187,15.95,4,../data/data_root/data00/13705.pt,13705
13724,4938.0,24414.108153125,20.55,4,../data/data_root/data00/13724.pt,13724
13739,2591.0,19235.67240761719,20.84,4,../data/data_root/data00/13739.pt,13739
13741,4153.0,21245.20919609375,23.54,4,../data/data_root/data00/13741.pt,13741
13745,3357.0,12667.827954492188,17.86,4,../data/data_root/data00/13745.pt,13745
13755,4906.0,19338.5475,20.18,4,../data/data_root/data00/13755.pt,13755
13796,3493.0,9860.44456953125,17.3,4,../data/data_root/data00/13796.pt,13796
13799,4041.0,35895.583469921876,16.48,4,../data/data_root/data00/13799.pt,13799
13823,3932.0,12634.164743945312,18.41,4,../data/data_root/data00/13823.pt,13823
13833,4649.0,80754.60251328125,13.72,4,../data/data_root/data00/13833.pt,13833
13845,3744.0,18135.5823078125,18.03,4,../data/data_root/data00/13845.pt,13845
13847,4721.0,17778.4417,14.27,4,../data/data_root/data00/13847.pt,13847
13848,3025.0,17371.50975,26.18,4,../data/data_root/data00/13848.pt,13848
13865,4435.0,93161.5641515625,14.85,4,../data/data_root/data00/13865.pt,13865
13871,3307.0,30113.60515,23.0,4,../data/data_root/data00/13871.pt,13871
13877,3379.0,15630.82806875,15.84,4,../data/data_root/data00/13877.pt,13877
13895,4681.0,22814.86395,14.24,4,../data/data_root/data00/13895.pt,13895
13907,5007.0,42847.333828125,13.13,4,../data/data_root/data00/13907.pt,13907
13912,2472.0,20047.6921375,22.48,4,../data/data_root/data00/13912.pt,13912
13941,4562.0,49548.02675859375,19.16,4,../data/data_root/data00/13941.pt,13941
13944,2996.0,17782.693,22.08,4,../data/data_root/data00/13944.pt,13944
13992,3208.0,19266.98714980469,20.89,4,../data/data_root/data00/13992.pt,13992
13994,5098.0,87196.376603125,15.12,4,../data/data_root/data00/13994.pt,13994
14015,5730.0,61793.88921347656,21.32,4,../data/data_root/data00/14015.pt,14015
14031,4704.0,74887.495921875,28.57,4,../data/data_root/data00/14031.pt,14031
14049,4230.0,16002.92735,23.66,4,../data/data_root/data00/14049.pt,14049
14053,5206.0,19781.76845390625,20.43,4,../data/data_root/data00/14053.pt,14053
14054,2848.0,25794.8628,18.91,4,../data/data_root/data00/14054.pt,14054
14057,4683.0,37030.60941875,13.82,4,../data/data_root/data00/14057.pt,14057
14060,4963.0,24649.108025,17.95,4,../data/data_root/data00/14060.pt,14060
14065,4554.0,60974.91783125,13.44,4,../data/data_root/data00/14065.pt,14065
14069,3981.0,39581.49569023438,12.99,4,../data/data_root/data00/14069.pt,14069
14088,3715.0,20190.97705625,15.66,4,../data/data_root/data00/14088.pt,14088
14094,4230.0,11628.40518125,24.15,4,../data/data_root/data00/14094.pt,14094
14098,4236.0,25920.451271875,15.45,4,../data/data_root/data00/14098.pt,14098
14106,3924.0,35279.677075,12.35,4,../data/data_root/data00/14106.pt,14106
14108,2935.0,7838.5815,23.63,4,../data/data_root/data00/14108.pt,14108
14110,4397.0,19877.32535,15.54,4,../data/data_root/data00/14110.pt,14110
14125,4341.0,30688.43603417969,15.62,4,../data/data_root/data00/14125.pt,14125
14130,4909.0,35565.446396875,13.64,4,../data/data_root/data00/14130.pt,14130
14133,3424.0,27905.788708203127,14.63,4,../data/data_root/data00/14133.pt,14133
14143,4212.0,15380.286628125,25.12,4,../data/data_root/data00/14143.pt,14143
14186,2579.0,2139440.054865625,20.3,4,../data/data_root/data00/14186.pt,14186
14266,3873.0,188164.04354003907,25.77,4,../data/data_root/data00/14266.pt,14266
14268,3892.0,32799.96706875,25.19,4,../data/data_root/data00/14268.pt,14268
14293,2891.0,5829.32075,14.21,4,../data/data_root/data00/14293.pt,14293
14309,2353.0,188164.04354003907,14.33,4,../data/data_root/data00/14309.pt,14309
14310,3150.0,4961.41930625,25.42,4,../data/data_root/data00/14310.pt,14310
14331,4839.0,6869.277875,38.18,4,../data/data_root/data00/14331.pt,14331
14332,2182.0,6418.0394,17.81,4,../data/data_root/data00/14332.pt,14332
14360,4785.0,6500.19975,26.77,4,../data/data_root/data00/14360.pt,14360
14369,3264.0,6576.44225,23.75,4,../data/data_root/data00/14369.pt,14369
14374,2518.0,188164.04354003907,14.65,4,../data/data_root/data00/14374.pt,14374
14398,3231.0,6345.3084,20.77,4,../data/data_root/data00/14398.pt,14398
14404,3175.0,6514.53313125,21.85,4,../data/data_root/data00/14404.pt,14404
14412,4287.0,5932.2383,24.84,4,../data/data_root/data00/14412.pt,14412
14415,2401.0,7399.264721875,17.7,4,../data/data_root/data00/14415.pt,14415
14428,3933.0,6753.50735,20.9,4,../data/data_root/data00/14428.pt,14428
14441,3014.0,6512.627484375,18.36,4,../data/data_root/data00/14441.pt,14441
14449,2673.0,6725.5237,14.51,4,../data/data_root/data00/14449.pt,14449
14502,2658.0,3875.30245,22.75,4,../data/data_root/data00/14502.pt,14502
14504,3183.0,5817.3541125,13.04,4,../data/data_root/data00/14504.pt,14504
14539,3231.0,7376.814296875,26.21,4,../data/data_root/data00/14539.pt,14539
14587,4478.0,9576.11705625,17.85,4,../data/data_root/data00/14587.pt,14587
14622,4407.0,6333.09005,39.63,4,../data/data_root/data00/14622.pt,14622
14633,3720.0,4700.102263476562,25.38,4,../data/data_root/data00/14633.pt,14633
14647,3218.0,19126.41532578125,24.84,4,../data/data_root/data00/14647.pt,14647
14659,3521.0,7500.022001953125,22.55,4,../data/data_root/data00/14659.pt,14659
14686,2963.0,5875.5651,14.92,4,../data/data_root/data00/14686.pt,14686
14735,4467.0,8450.51185,16.4,4,../data/data_root/data00/14735.pt,14735
14743,6073.0,11479.58735,31.48,4,../data/data_root/data00/14743.pt,14743
14780,2650.0,7211.96398125,14.71,4,../data/data_root/data00/14780.pt,14780
14792,3563.0,6783.5672,16.87,4,../data/data_root/data00/14792.pt,14792
14895,3481.0,5624.96709453125,16.89,4,../data/data_root/data00/14895.pt,14895
14900,2875.0,5315.651034375,22.71,4,../data/data_root/data00/14900.pt,14900
14978,3159.0,9002.8214,18.21,4,../data/data_root/data00/14978.pt,14978
14991,3681.0,6909.4359625,18.17,4,../data/data_root/data00/14991.pt,14991
15008,1852.0,6156.11225,11.89,4,../data/data_root/data00/15008.pt,15008
15075,3455.0,8150.026715234375,23.92,4,../data/data_root/data00/15075.pt,15075
15156,2231.0,5606.81625,18.35,4,../data/data_root/data00/15156.pt,15156
15166,2359.0,4289.82126875,15.89,4,../data/data_root/data00/15166.pt,15166
15189,2397.0,8179.23795,13.22,4,../data/data_root/data00/15189.pt,15189
15207,3392.0,7500.03536328125,17.19,4,../data/data_root/data00/15207.pt,15207
15221,2112.0,5510.37225,18.55,4,../data/data_root/data00/15221.pt,15221
15252,2009.0,6293.717371875,22.33,4,../data/data_root/data00/15252.pt,15252
15264,6676.0,13091.250125,21.33,4,../data/data_root/data00/15264.pt,15264
15270,2289.0,6420.0401,13.95,4,../data/data_root/data00/15270.pt,15270
15296,5493.0,6753.17386875,20.76,4,../data/data_root/data00/15296.pt,15296
15306,4034.0,6491.7398,16.73,4,../data/data_root/data00/15306.pt,15306
15348,4882.0,8150.02035078125,24.27,4,../data/data_root/data00/15348.pt,15348
15361,2304.0,5126.70343125,19.87,4,../data/data_root/data00/15361.pt,15361
15362,2008.0,23231.63,21.72,4,../data/data_root/data00/15362.pt,15362
15412,5113.0,6745.607,24.17,4,../data/data_root/data00/15412.pt,15412
15484,4273.0,6363.07190625,18.67,4,../data/data_root/data00/15484.pt,15484
15512,5182.0,7499.99160390625,24.11,4,../data/data_root/data00/15512.pt,15512
15515,3914.0,5673.75205,19.66,4,../data/data_root/data00/15515.pt,15515
15556,5486.0,13167.701553125,12.38,4,../data/data_root/data00/15556.pt,15556
15566,1697.0,3637.6651125,26.23,4,../data/data_root/data00/15566.pt,15566
15572,2893.0,6373.290815625,14.09,4,../data/data_root/data00/15572.pt,15572
15613,2076.0,5273.5806,14.69,4,../data/data_root/data00/15613.pt,15613
15624,2870.0,5089.88265,12.97,4,../data/data_root/data00/15624.pt,15624
15635,2354.0,6750.147040820312,13.95,4,../data/data_root/data00/15635.pt,15635
15641,4129.0,6506.37446875,15.63,4,../data/data_root/data00/15641.pt,15641
15643,2103.0,5399.95555390625,15.54,4,../data/data_root/data00/15643.pt,15643
15660,3380.0,5206.38441875,23.94,4,../data/data_root/data00/15660.pt,15660
15690,3306.0,6885.32695,17.24,4,../data/data_root/data00/15690.pt,15690
15696,4953.0,6500.5704,25.04,4,../data/data_root/data00/15696.pt,15696
15737,2942.0,7500.009290625,13.72,4,../data/data_root/data00/15737.pt,15737
15739,4490.0,8200.05163984375,24.89,4,../data/data_root/data00/15739.pt,15739
15742,2956.0,6750.06018984375,22.1,4,../data/data_root/data00/15742.pt,15742
15747,3299.0,6367.4897,20.51,4,../data/data_root/data00/15747.pt,15747
15761,2415.0,6515.71675,18.09,4,../data/data_root/data00/15761.pt,15761
15765,2028.0,6500.9718,13.45,4,../data/data_root/data00/15765.pt,15765
15772,5883.0,8150.000912695313,36.39,4,../data/data_root/data00/15772.pt,15772
15809,2751.0,3750.0642640625,32.38,4,../data/data_root/data00/15809.pt,15809
15828,3875.0,5003.46385,22.0,4,../data/data_root/data00/15828.pt,15828
15838,2796.0,6025.57625625,21.71,4,../data/data_root/data00/15838.pt,15838
15912,2999.0,5914.679928125,16.51,4,../data/data_root/data00/15912.pt,15912
15916,5342.0,8150.032883789063,23.36,4,../data/data_root/data00/15916.pt,15916
15923,3055.0,8000.057186523438,15.69,4,../data/data_root/data00/15923.pt,15923
15939,4559.0,6527.95255,11.48,4,../data/data_root/data00/15939.pt,15939
15958,5208.0,10064.54211015625,8.8,4,../data/data_root/data00/15958.pt,15958
16036,4003.0,5493.663459375,23.73,4,../data/data_root/data00/16036.pt,16036
16070,3747.0,32145.4684375,21.44,4,../data/data_root/data00/16070.pt,16070
16073,2423.0,4881.84898125,13.31,4,../data/data_root/data00/16073.pt,16073
16075,2871.0,5159.1728,13.25,4,../data/data_root/data00/16075.pt,16075
16140,2716.0,4952.5013875,23.44,4,../data/data_root/data00/16140.pt,16140
16146,3508.0,6441.199659375,18.55,4,../data/data_root/data00/16146.pt,16146
16161,3203.0,5212.73918125,13.91,4,../data/data_root/data00/16161.pt,16161
16164,2314.0,6571.57678125,13.73,4,../data/data_root/data00/16164.pt,16164
16170,3498.0,6501.621,32.22,4,../data/data_root/data00/16170.pt,16170
16180,7089.0,76244.7869576172,25.32,4,../data/data_root/data00/16180.pt,16180
16293,1856.0,5328.36875625,16.19,4,../data/data_root/data00/16293.pt,16293
16370,1911.0,9510.0590515625,11.01,4,../data/data_root/data00/16370.pt,16370
16519,2774.0,5844.154219140625,18.71,4,../data/data_root/data00/16519.pt,16519
16528,3216.0,7033.713478320313,13.89,4,../data/data_root/data00/16528.pt,16528
16619,2713.0,5669.213,15.41,4,../data/data_root/data00/16619.pt,16619
16628,2305.0,6435.0783,16.14,4,../data/data_root/data00/16628.pt,16628
16653,3740.0,6161.08125,15.41,4,../data/data_root/data00/16653.pt,16653
16680,2749.0,6797.831144921875,15.23,4,../data/data_root/data00/16680.pt,16680
16726,2537.0,6301.098669921875,11.94,4,../data/data_root/data00/16726.pt,16726
16735,4050.0,6661.710744921875,20.71,4,../data/data_root/data00/16735.pt,16735
16795,3644.0,6572.71065,27.35,4,../data/data_root/data00/16795.pt,16795
16826,2490.0,5697.0918,14.82,4,../data/data_root/data00/16826.pt,16826
16917,4877.0,6251.196,39.88,4,../data/data_root/data00/16917.pt,16917
16975,2811.0,7301.805751953125,16.71,4,../data/data_root/data00/16975.pt,16975
16976,3599.0,5292.7084,18.82,4,../data/data_root/data00/16976.pt,16976
16980,3755.0,5431.63665,34.0,4,../data/data_root/data00/16980.pt,16980
16991,2285.0,6315.4764,13.07,4,../data/data_root/data00/16991.pt,16991
17024,4101.0,6262.65815,23.47,4,../data/data_root/data00/17024.pt,17024
17026,4940.0,8705.3626,13.75,4,../data/data_root/data00/17026.pt,17026
17027,4504.0,27013.53815,23.25,4,../data/data_root/data00/17027.pt,17027
17041,3582.0,5765.33635,24.16,4,../data/data_root/data00/17041.pt,17041
17042,4162.0,5933.6961,23.24,4,../data/data_root/data00/17042.pt,17042
17048,3785.0,6702.2995,25.73,4,../data/data_root/data00/17048.pt,17048
17057,3795.0,5434.9852,33.89,4,../data/data_root/data00/17057.pt,17057
17074,3877.0,5852.79595,19.61,4,../data/data_root/data00/17074.pt,17074
17082,3764.0,6441.5897,26.11,4,../data/data_root/data00/17082.pt,17082
17088,2262.0,5907.791952929688,16.48,4,../data/data_root/data00/17088.pt,17088
17107,2572.0,5987.7675,14.14,4,../data/data_root/data00/17107.pt,17107
17115,2693.0,6411.781,25.89,4,../data/data_root/data00/17115.pt,17115
17127,2743.0,6232.8028,14.51,4,../data/data_root/data00/17127.pt,17127
17145,3598.0,6251.805,19.49,4,../data/data_root/data00/17145.pt,17145
17147,3806.0,6503.0901,17.73,4,../data/data_root/data00/17147.pt,17147
17150,2968.0,5922.2397,13.45,4,../data/data_root/data00/17150.pt,17150
17158,2807.0,5556.3266,13.5,4,../data/data_root/data00/17158.pt,17158
17237,3514.0,6740.92525,24.41,4,../data/data_root/data00/17237.pt,17237
17258,3901.0,6079.2276,15.46,4,../data/data_root/data00/17258.pt,17258
17289,2681.0,7855.7475,29.19,4,../data/data_root/data00/17289.pt,17289
17294,2960.0,5317.0636,23.68,4,../data/data_root/data00/17294.pt,17294
17363,2702.0,7040.3575,22.7,4,../data/data_root/data00/17363.pt,17363
17369,2192.0,5512.41255,20.47,4,../data/data_root/data00/17369.pt,17369
17388,2341.0,6800.715,18.73,4,../data/data_root/data00/17388.pt,17388
17401,3437.0,7385.3243,18.01,4,../data/data_root/data00/17401.pt,17401
17456,4003.0,5718.3862,24.16,4,../data/data_root/data00/17456.pt,17456
17468,2755.0,6605.17425,16.11,4,../data/data_root/data00/17468.pt,17468
17473,2210.0,3237.2568,17.0,4,../data/data_root/data00/17473.pt,17473
17484,3468.0,5834.21345,21.26,4,../data/data_root/data00/17484.pt,17484
17554,3310.0,6463.349753125,16.71,4,../data/data_root/data00/17554.pt,17554
17586,2886.0,5522.1188,14.54,4,../data/data_root/data00/17586.pt,17586
17616,2807.0,122306.382,47.01,4,../data/data_root/data00/17616.pt,17616
17617,5268.0,6780.26675,23.34,4,../data/data_root/data00/17617.pt,17617
17619,3967.0,5895.4268,24.3,4,../data/data_root/data00/17619.pt,17619
17640,1908.0,6956.67095,16.46,4,../data/data_root/data00/17640.pt,17640
17668,3057.0,7873.488371484375,16.98,4,../data/data_root/data00/17668.pt,17668
17714,2780.0,6425.19955,17.79,4,../data/data_root/data00/17714.pt,17714
17755,2869.0,6404.0903,25.97,4,../data/data_root/data00/17755.pt,17755
17783,3044.0,4006.1327,22.87,4,../data/data_root/data00/17783.pt,17783
17791,3592.0,5856.0309,22.24,4,../data/data_root/data00/17791.pt,17791
17797,3136.0,5188.46955,23.53,4,../data/data_root/data00/17797.pt,17797
17798,3833.0,5498.2832,25.81,4,../data/data_root/data00/17798.pt,17798
17840,2515.0,5868.61595,12.87,4,../data/data_root/data00/17840.pt,17840
17889,2738.0,5732.876844726563,16.27,4,../data/data_root/data00/17889.pt,17889
17935,5088.0,9632.68085,18.86,4,../data/data_root/data00/17935.pt,17935
17937,3522.0,12062.49,13.37,4,../data/data_root/data00/17937.pt,17937
18003,4195.0,5852.55195,33.19,4,../data/data_root/data00/18003.pt,18003
18050,3752.0,6452.8718,14.59,4,../data/data_root/data00/18050.pt,18050
18079,2725.0,5971.43995,13.9,4,../data/data_root/data00/18079.pt,18079
18089,2689.0,6169.09275,16.99,4,../data/data_root/data00/18089.pt,18089
18090,3195.0,5937.55325,10.82,4,../data/data_root/data00/18090.pt,18090
18103,2945.0,7848.43545,15.71,4,../data/data_root/data00/18103.pt,18103
18114,2592.0,6486.2574,13.97,4,../data/data_root/data00/18114.pt,18114
18126,3388.0,7253.9697,28.65,4,../data/data_root/data00/18126.pt,18126
18136,5535.0,18461.90653515625,19.55,4,../data/data_root/data00/18136.pt,18136
18162,2735.0,6038.1462,14.28,4,../data/data_root/data00/18162.pt,18162
18182,2387.0,6417.63565,23.19,4,../data/data_root/data00/18182.pt,18182
18188,2843.0,5735.94175,25.19,4,../data/data_root/data00/18188.pt,18188
18259,2837.0,6092.5789,13.39,4,../data/data_root/data00/18259.pt,18259
18260,2878.0,6182.3234,13.89,4,../data/data_root/data00/18260.pt,18260
18324,4573.0,11651.7749,19.71,4,../data/data_root/data00/18324.pt,18324
18398,2778.0,4994.62738125,21.86,4,../data/data_root/data00/18398.pt,18398
18400,3569.0,6821.67935,16.65,4,../data/data_root/data00/18400.pt,18400
18415,2843.0,6130.4298,29.23,4,../data/data_root/data00/18415.pt,18415
18421,3079.0,8188.2546,36.7,4,../data/data_root/data00/18421.pt,18421
18461,3632.0,9008.0614,17.19,4,../data/data_root/data00/18461.pt,18461
18524,3286.0,6598.582,23.09,4,../data/data_root/data00/18524.pt,18524
18625,3424.0,9533.7199,22.91,4,../data/data_root/data00/18625.pt,18625
18706,2845.0,6265.9081625,16.98,4,../data/data_root/data00/18706.pt,18706
18755,4004.0,13510.7626,20.56,4,../data/data_root/data00/18755.pt,18755
18761,5583.0,11501.994128710938,22.79,4,../data/data_root/data00/18761.pt,18761
18829,2681.0,4698.53525,17.65,4,../data/data_root/data00/18829.pt,18829
18858,4445.0,8138.18075,17.61,4,../data/data_root/data00/18858.pt,18858
18942,2909.0,6500.5688,24.22,4,../data/data_root/data00/18942.pt,18942
18991,4686.0,6226.35505,24.71,4,../data/data_root/data00/18991.pt,18991
18993,3070.0,6772.002,18.92,4,../data/data_root/data00/18993.pt,18993
18995,5651.0,11031.3354,24.65,4,../data/data_root/data00/18995.pt,18995
19005,4515.0,6500.5688,21.15,4,../data/data_root/data00/19005.pt,19005
19008,4986.0,6500.81665,22.14,4,../data/data_root/data00/19008.pt,19008
19013,4426.0,3042.8648,13.2,4,../data/data_root/data00/19013.pt,19013
19018,2918.0,6501.8689,22.01,4,../data/data_root/data00/19018.pt,19018
19035,3043.0,6981.2607,22.74,4,../data/data_root/data00/19035.pt,19035
19043,4725.0,6251.19145,23.54,4,../data/data_root/data00/19043.pt,19043
19084,3415.0,6750.82875,24.47,4,../data/data_root/data00/19084.pt,19084
19086,2839.0,5762.675,24.04,4,../data/data_root/data00/19086.pt,19086
19092,3953.0,6503.28235,20.81,4,../data/data_root/data00/19092.pt,19092
19107,3453.0,8517.98015,26.05,4,../data/data_root/data00/19107.pt,19107
19117,2706.0,3931.36645,21.13,4,../data/data_root/data00/19117.pt,19117
19131,3533.0,6342.3316,8.72,4,../data/data_root/data00/19131.pt,19131
19139,3041.0,6342.3348,24.51,4,../data/data_root/data00/19139.pt,19139
19200,4254.0,6727.03505,22.6,4,../data/data_root/data00/19200.pt,19200
19263,2224.0,6353.815,15.74,4,../data/data_root/data00/19263.pt,19263
19278,3110.0,6342.8434,23.24,4,../data/data_root/data00/19278.pt,19278
19293,2907.0,6397.062,22.02,4,../data/data_root/data00/19293.pt,19293
19299,2731.0,6340.18235,23.88,4,../data/data_root/data00/19299.pt,19299
19309,1631.0,3070.7391,23.59,4,../data/data_root/data00/19309.pt,19309
19321,3156.0,6750.32425,15.11,4,../data/data_root/data00/19321.pt,19321
19354,2726.0,6342.6076,22.78,4,../data/data_root/data00/19354.pt,19354
19357,3720.0,6327.0272,26.96,4,../data/data_root/data00/19357.pt,19357
19384,4618.0,7031.0631,36.4,4,../data/data_root/data00/19384.pt,19384
19441,2823.0,6511.647,23.96,4,../data/data_root/data00/19441.pt,19441
19453,2412.0,4780.9888,14.95,4,../data/data_root/data00/19453.pt,19453
19459,2183.0,3833.0443,27.21,4,../data/data_root/data00/19459.pt,19459
19560,1868.0,5256.88915,13.53,4,../data/data_root/data00/19560.pt,19560
19564,2755.0,6076.0227,25.35,4,../data/data_root/data00/19564.pt,19564
19582,3471.0,6250.93935,16.22,4,../data/data_root/data00/19582.pt,19582
19604,2314.0,6717.0985,18.36,4,../data/data_root/data00/19604.pt,19604
19606,2869.0,6247.3636,31.47,4,../data/data_root/data00/19606.pt,19606
19607,3255.0,6543.851990625,15.98,4,../data/data_root/data00/19607.pt,19607
19624,4128.0,6731.2487,26.05,4,../data/data_root/data00/19624.pt,19624
19629,3777.0,6506.0843,23.42,4,../data/data_root/data00/19629.pt,19629
19633,3138.0,6348.2175,24.91,4,../data/data_root/data00/19633.pt,19633
19645,7850.0,1070.64225,25.34,4,../data/data_root/data00/19645.pt,19645
19660,2025.0,6076.79855,25.08,4,../data/data_root/data00/19660.pt,19660
19662,2662.0,6755.2122,14.11,4,../data/data_root/data00/19662.pt,19662
19669,3790.0,6588.44365,26.04,4,../data/data_root/data00/19669.pt,19669
19716,4353.0,33116.18838320312,23.95,4,../data/data_root/data00/19716.pt,19716
19736,4767.0,6780.514,23.97,4,../data/data_root/data00/19736.pt,19736
19739,3027.0,5351.46615,11.06,4,../data/data_root/data00/19739.pt,19739
19787,2713.0,6080.59765,16.39,4,../data/data_root/data00/19787.pt,19787
19855,4243.0,6341.8038,29.37,4,../data/data_root/data00/19855.pt,19855
19871,2332.0,6343.0945,11.8,4,../data/data_root/data00/19871.pt,19871
19872,3034.0,6349.7819,24.37,4,../data/data_root/data00/19872.pt,19872
19884,3147.0,8159.14905,16.71,4,../data/data_root/data00/19884.pt,19884
19886,2720.0,8026.35065,17.44,4,../data/data_root/data00/19886.pt,19886
19921,2252.0,6504.427,20.74,4,../data/data_root/data00/19921.pt,19921
19940,3027.0,6653.528577539062,13.24,4,../data/data_root/data00/19940.pt,19940
19973,3063.0,6372.41245,14.57,4,../data/data_root/data00/19973.pt,19973
20000,2313.0,6168.2465,14.11,4,../data/data_root/data00/20000.pt,20000
20050,3744.0,10918.35815,13.24,4,../data/data_root/data00/20050.pt,20050
20055,3494.0,6733.9923,16.9,4,../data/data_root/data00/20055.pt,20055
20060,3240.0,5800.35404375,18.99,4,../data/data_root/data00/20060.pt,20060
20072,3547.0,6475.7074,11.76,4,../data/data_root/data00/20072.pt,20072
20080,2899.0,5765.7888,17.22,4,../data/data_root/data00/20080.pt,20080
20083,4381.0,6504.0816,34.96,4,../data/data_root/data00/20083.pt,20083
20092,1980.0,5846.969,23.66,4,../data/data_root/data00/20092.pt,20092
20106,3164.0,8153.3277,15.26,4,../data/data_root/data00/20106.pt,20106
20133,3249.0,6343.95275,16.65,4,../data/data_root/data00/20133.pt,20133
20162,4723.0,6500.5704,36.41,4,../data/data_root/data00/20162.pt,20162
20166,3560.0,6240.51585,25.73,4,../data/data_root/data00/20166.pt,20166
20167,4244.0,6666.7094,23.61,4,../data/data_root/data00/20167.pt,20167
20170,3536.0,6752.53,22.09,4,../data/data_root/data00/20170.pt,20170
20183,2556.0,6500.5688,16.01,4,../data/data_root/data00/20183.pt,20183
20184,10249.0,13271.00095,46.95,4,../data/data_root/data00/20184.pt,20184
20189,2596.0,6730.9737,19.77,4,../data/data_root/data00/20189.pt,20189
20192,4928.0,6404.89505,21.18,4,../data/data_root/data00/20192.pt,20192
20208,1761.0,3398.5572,25.45,4,../data/data_root/data00/20208.pt,20208
20306,2643.0,6064.5982,24.24,4,../data/data_root/data00/20306.pt,20306
20312,2087.0,6306.8655,23.8,4,../data/data_root/data00/20312.pt,20312
20337,3128.0,5203.603846875,23.95,4,../data/data_root/data00/20337.pt,20337
20341,3085.0,6543.24615,15.03,4,../data/data_root/data00/20341.pt,20341
20386,1943.0,6512.38245,15.91,4,../data/data_root/data00/20386.pt,20386
20432,3979.0,7500.8296,28.25,4,../data/data_root/data00/20432.pt,20432
20440,2386.0,5998.5341375,12.51,4,../data/data_root/data00/20440.pt,20440
20479,3023.0,6735.19475,23.45,4,../data/data_root/data00/20479.pt,20479
20559,2487.0,6779.93535,17.07,4,../data/data_root/data00/20559.pt,20559
20578,2552.0,3160.0866,20.79,4,../data/data_root/data00/20578.pt,20578
20587,2300.0,4312.5571,29.54,4,../data/data_root/data00/20587.pt,20587
20603,2586.0,6130.0656,24.49,4,../data/data_root/data00/20603.pt,20603
20624,2184.0,8768.060469726563,16.75,4,../data/data_root/data00/20624.pt,20624
20699,4050.0,12509.34775,30.53,4,../data/data_root/data00/20699.pt,20699
20717,4302.0,5963.1134,34.84,4,../data/data_root/data00/20717.pt,20717
20729,4862.0,6751.04545,22.24,4,../data/data_root/data00/20729.pt,20729
20753,2865.0,5066.31205,20.31,4,../data/data_root/data00/20753.pt,20753
20767,2956.0,6654.507950976563,16.09,4,../data/data_root/data00/20767.pt,20767
20777,3211.0,7151.9266,23.66,4,../data/data_root/data00/20777.pt,20777
20816,5812.0,7802.11525,28.09,4,../data/data_root/data00/20816.pt,20816
20865,3284.0,6596.277,26.32,4,../data/data_root/data00/20865.pt,20865
20866,3535.0,6384.6018,16.29,4,../data/data_root/data00/20866.pt,20866
20875,3134.0,6500.65985,24.33,4,../data/data_root/data00/20875.pt,20875
20876,4690.0,6500.9718,17.43,4,../data/data_root/data00/20876.pt,20876
20890,1884.0,2368.94265,22.71,4,../data/data_root/data00/20890.pt,20890
20991,3673.0,6341.8102,29.14,4,../data/data_root/data00/20991.pt,20991
20997,2223.0,6604.9268,13.88,4,../data/data_root/data00/20997.pt,20997
21032,2836.0,19990.7933,34.41,4,../data/data_root/data00/21032.pt,21032
21046,2927.0,6538.0962,23.52,4,../data/data_root/data00/21046.pt,21046
21101,1816.0,2312.1027,12.46,4,../data/data_root/data00/21101.pt,21101
21110,3957.0,7792.67905,27.28,4,../data/data_root/data00/21110.pt,21110
21116,2920.0,6130.5656,22.5,4,../data/data_root/data00/21116.pt,21116
21132,3720.0,12634.57555,26.23,4,../data/data_root/data00/21132.pt,21132
21152,2069.0,6736.8576,13.91,4,../data/data_root/data00/21152.pt,21152
21165,3540.0,6420.5772,12.53,4,../data/data_root/data00/21165.pt,21165
21166,4445.0,9797.53805,17.51,4,../data/data_root/data00/21166.pt,21166
21188,4151.0,8405.24145,22.03,4,../data/data_root/data00/21188.pt,21188
21204,3377.0,6468.12915,28.88,4,../data/data_root/data00/21204.pt,21204
21232,3273.0,6750.81975,24.03,4,../data/data_root/data00/21232.pt,21232
21267,3253.0,7005.184746679687,14.72,4,../data/data_root/data00/21267.pt,21267
21278,2773.0,6500.5688,20.72,4,../data/data_root/data00/21278.pt,21278
21287,3100.0,6317.3043,13.42,4,../data/data_root/data00/21287.pt,21287
21319,1752.0,2365.21945625,22.98,4,../data/data_root/data00/21319.pt,21319
21320,1874.0,2287.03985,14.89,4,../data/data_root/data00/21320.pt,21320
21323,1859.0,2320.297,12.59,4,../data/data_root/data00/21323.pt,21323
21341,3223.0,6743.18845,26.15,4,../data/data_root/data00/21341.pt,21341
21359,2594.0,6291.45825,14.82,4,../data/data_root/data00/21359.pt,21359
21362,3111.0,6269.67215,17.98,4,../data/data_root/data00/21362.pt,21362
21369,3260.0,6441.0088,19.91,4,../data/data_root/data00/21369.pt,21369
21422,3262.0,5011.0207,24.72,4,../data/data_root/data00/21422.pt,21422
21464,3730.0,6309.8706,23.97,4,../data/data_root/data00/21464.pt,21464
21466,4632.0,7021.7798,22.0,4,../data/data_root/data00/21466.pt,21466
21509,6584.0,8803.2103,22.18,4,../data/data_root/data00/21509.pt,21509
21513,3103.0,7004.98260859375,11.57,4,../data/data_root/data00/21513.pt,21513
21514,2892.0,6361.91065,9.41,4,../data/data_root/data00/21514.pt,21514
21515,2786.0,7084.75435,16.49,4,../data/data_root/data00/21515.pt,21515
21517,3160.0,6522.35205,14.54,4,../data/data_root/data00/21517.pt,21517
21529,2162.0,6407.1815,15.42,4,../data/data_root/data00/21529.pt,21529
21535,3972.0,6525.15355,24.21,4,../data/data_root/data00/21535.pt,21535
21539,2162.0,5926.78995,13.34,4,../data/data_root/data00/21539.pt,21539
21549,2671.0,3648.9452,27.16,4,../data/data_root/data00/21549.pt,21549
21562,2430.0,4512.9003,25.72,4,../data/data_root/data00/21562.pt,21562
21575,3565.0,6423.7752,26.56,4,../data/data_root/data00/21575.pt,21575
21579,3600.0,6721.48075,25.65,4,../data/data_root/data00/21579.pt,21579
21581,3482.0,6748.0305,23.22,4,../data/data_root/data00/21581.pt,21581
21585,3348.0,7629.3281,25.6,4,../data/data_root/data00/21585.pt,21585
21586,2813.0,6454.2116,19.87,4,../data/data_root/data00/21586.pt,21586
21616,2498.0,7146.0189,18.37,4,../data/data_root/data00/21616.pt,21616
21654,2872.0,5018.88270625,14.88,4,../data/data_root/data00/21654.pt,21654
21664,3007.0,6420.55915,23.64,4,../data/data_root/data00/21664.pt,21664
21669,4475.0,8950.99765,17.71,4,../data/data_root/data00/21669.pt,21669
21760,2418.0,2440.5212,22.51,4,../data/data_root/data00/21760.pt,21760
21778,3491.0,5845.0695,21.52,4,../data/data_root/data00/21778.pt,21778
21788,3539.0,11608.84965,23.79,4,../data/data_root/data00/21788.pt,21788
21790,2965.0,6131.098,24.22,4,../data/data_root/data00/21790.pt,21790
21888,2238.0,3139.3744,24.78,4,../data/data_root/data00/21888.pt,21888
21906,4644.0,6511.151975,24.72,4,../data/data_root/data00/21906.pt,21906
21907,4623.0,6540.4813,22.08,4,../data/data_root/data00/21907.pt,21907
22039,3140.0,7355.43555,28.08,4,../data/data_root/data00/22039.pt,22039
22042,3278.0,6360.7468,28.2,4,../data/data_root/data00/22042.pt,22042
22045,3181.0,6782.2352,16.02,4,../data/data_root/data00/22045.pt,22045
22073,3185.0,5481.96475,26.78,4,../data/data_root/data00/22073.pt,22073
22095,2940.0,5489.48985,16.26,4,../data/data_root/data00/22095.pt,22095
22129,4750.0,6760.572,15.61,4,../data/data_root/data00/22129.pt,22129
22138,2271.0,3147.7553,21.06,4,../data/data_root/data00/22138.pt,22138
22162,2325.0,2970.0061875,18.32,4,../data/data_root/data00/22162.pt,22162
22208,1985.0,6048.4855,10.83,4,../data/data_root/data00/22208.pt,22208
22213,3765.0,6075.388,21.82,4,../data/data_root/data00/22213.pt,22213
22223,3240.0,6541.1711,21.28,4,../data/data_root/data00/22223.pt,22223
22265,2082.0,3339.4302,22.69,4,../data/data_root/data00/22265.pt,22265
22268,3376.0,8427.86495,21.8,4,../data/data_root/data00/22268.pt,22268
22301,2066.0,4600.014430078125,23.86,4,../data/data_root/data00/22301.pt,22301
22318,2271.0,3188.0957,21.0,4,../data/data_root/data00/22318.pt,22318
22322,4420.0,8112.6855,32.11,4,../data/data_root/data00/22322.pt,22322
22332,3226.0,2169.3535,23.11,4,../data/data_root/data00/22332.pt,22332
22334,2811.0,3825.4346,26.88,4,../data/data_root/data00/22334.pt,22334
22387,2821.0,8113.36505,15.24,4,../data/data_root/data00/22387.pt,22387
22388,3585.0,6516.4542,17.64,4,../data/data_root/data00/22388.pt,22388
22406,3531.0,6410.5066,25.37,4,../data/data_root/data00/22406.pt,22406
22410,3835.0,8035.27215,14.27,4,../data/data_root/data00/22410.pt,22410
22485,5128.0,4191.19165,22.94,4,../data/data_root/data00/22485.pt,22485
22506,4078.0,10020.69785,24.25,4,../data/data_root/data00/22506.pt,22506
22542,3278.0,5570.4988,21.98,4,../data/data_root/data00/22542.pt,22542
22559,3488.0,6534.9231,8.75,4,../data/data_root/data00/22559.pt,22559
22564,2291.0,6514.89805,14.66,4,../data/data_root/data00/22564.pt,22564
22572,3072.0,6517.6216,11.1,4,../data/data_root/data00/22572.pt,22572
22583,4084.0,5569.16765,21.87,4,../data/data_root/data00/22583.pt,22583
22659,3683.0,6089.9626,18.58,4,../data/data_root/data00/22659.pt,22659
22746,2220.0,6568.17665,23.61,4,../data/data_root/data00/22746.pt,22746
22783,2297.0,3315.1197,25.81,4,../data/data_root/data00/22783.pt,22783
22799,3002.0,6500.52385,13.34,4,../data/data_root/data00/22799.pt,22799
22806,2527.0,6341.2028,13.4,4,../data/data_root/data00/22806.pt,22806
22812,4870.0,2180.0249,33.8,4,../data/data_root/data00/22812.pt,22812
22813,3617.0,2345.8215,30.99,4,../data/data_root/data00/22813.pt,22813
22830,3250.0,6402.86735,15.81,4,../data/data_root/data00/22830.pt,22830
22861,3192.0,6317.72335,15.68,4,../data/data_root/data00/22861.pt,22861
22922,4594.0,6150.11985,15.33,4,../data/data_root/data00/22922.pt,22922
22924,3745.0,6785.0741,20.86,4,../data/data_root/data00/22924.pt,22924
22938,4296.0,12876.77355,23.9,4,../data/data_root/data00/22938.pt,22938
22998,2682.0,1976.6392,29.18,4,../data/data_root/data00/22998.pt,22998
23026,4158.0,6355.3067,13.99,4,../data/data_root/data00/23026.pt,23026
23096,2443.0,6130.6778,11.93,4,../data/data_root/data00/23096.pt,23096
23099,3943.0,6522.7061,17.95,4,../data/data_root/data00/23099.pt,23099
23105,4016.0,7164.759,14.93,4,../data/data_root/data00/23105.pt,23105
23125,2636.0,6517.01275,15.03,4,../data/data_root/data00/23125.pt,23125
23126,4770.0,6560.66805,29.62,4,../data/data_root/data00/23126.pt,23126
23146,4380.0,8326.6121,24.13,4,../data/data_root/data00/23146.pt,23146
23154,2911.0,6750.45005,10.78,4,../data/data_root/data00/23154.pt,23154
23222,2614.0,5851.8146,18.62,4,../data/data_root/data00/23222.pt,23222
23230,2967.0,6520.6197,21.12,4,../data/data_root/data00/23230.pt,23230
23249,1775.0,2320.8645,21.1,4,../data/data_root/data00/23249.pt,23249
23253,2874.0,6341.33905,27.78,4,../data/data_root/data00/23253.pt,23253
23283,5143.0,573805.8305306641,16.99,4,../data/data_root/data00/23283.pt,23283
23302,4807.0,6500.32095,20.67,4,../data/data_root/data00/23302.pt,23302
23314,3530.0,10588.6596,26.2,4,../data/data_root/data00/23314.pt,23314
23319,1957.0,5837.4952,16.19,4,../data/data_root/data00/23319.pt,23319
23342,3197.0,10931.9118,30.65,4,../data/data_root/data00/23342.pt,23342
23380,2591.0,6751.34225,18.33,4,../data/data_root/data00/23380.pt,23380
23463,4229.0,6750.5765,23.85,4,../data/data_root/data00/23463.pt,23463
23466,5822.0,7420.58515,21.25,4,../data/data_root/data00/23466.pt,23466
23490,5076.0,6750.572,22.43,4,../data/data_root/data00/23490.pt,23490
23526,2366.0,3360.65715,18.29,4,../data/data_root/data00/23526.pt,23526
23530,4224.0,6519.2725,35.29,4,../data/data_root/data00/23530.pt,23530
23547,1890.0,2474.33355,28.56,4,../data/data_root/data00/23547.pt,23547
23602,3146.0,5211.9894,24.9,4,../data/data_root/data00/23602.pt,23602
23682,3044.0,4499.964080859375,18.6,4,../data/data_root/data00/23682.pt,23682
23695,4516.0,7580.5682,30.73,4,../data/data_root/data00/23695.pt,23695
23701,2492.0,3732.71405,20.11,4,../data/data_root/data00/23701.pt,23701
23705,3283.0,6750.89925,18.02,4,../data/data_root/data00/23705.pt,23705
23715,6133.0,73643.0492,11.49,4,../data/data_root/data00/23715.pt,23715
23774,2499.0,5597.3182,16.96,4,../data/data_root/data00/23774.pt,23774
23779,3055.0,5895.50905,20.19,4,../data/data_root/data00/23779.pt,23779
23793,6309.0,220484.43188222655,37.0,4,../data/data_root/data00/23793.pt,23793
23794,8951.0,712905.67979375,32.81,4,../data/data_root/data00/23794.pt,23794
23839,3276.0,8102.15485,24.74,4,../data/data_root/data00/23839.pt,23839
23843,2484.0,7397.99675,23.91,4,../data/data_root/data00/23843.pt,23843
23851,4258.0,12269.1634,21.8,4,../data/data_root/data00/23851.pt,23851
23859,2670.0,5788.63425,18.72,4,../data/data_root/data00/23859.pt,23859
23876,3066.0,6750.76175,22.4,4,../data/data_root/data00/23876.pt,23876
23885,2681.0,3575.28525,18.92,4,../data/data_root/data00/23885.pt,23885
23907,7026.0,73643.0492,27.03,4,../data/data_root/data00/23907.pt,23907
23912,4744.0,7171.0751,30.26,4,../data/data_root/data00/23912.pt,23912
23925,2623.0,4958.1139,19.88,4,../data/data_root/data00/23925.pt,23925
23930,3414.0,6750.32425,23.52,4,../data/data_root/data00/23930.pt,23930
23939,5496.0,9780.7411609375,26.37,4,../data/data_root/data00/23939.pt,23939
23943,4157.0,7245.93605,21.35,4,../data/data_root/data00/23943.pt,23943
23988,2790.0,4510.74205,24.63,4,../data/data_root/data00/23988.pt,23988
24051,2781.0,5802.2012,25.95,4,../data/data_root/data00/24051.pt,24051
24067,2864.0,6750.99845,22.84,4,../data/data_root/data00/24067.pt,24067
24072,2983.0,6750.99845,24.43,4,../data/data_root/data00/24072.pt,24072
24084,3070.0,6526.009,12.59,4,../data/data_root/data00/24084.pt,24084
24103,1936.0,3153.0658,19.54,4,../data/data_root/data00/24103.pt,24103
24111,3893.0,6749.4259,22.45,4,../data/data_root/data00/24111.pt,24111
24125,4155.0,7245.6245,22.59,4,../data/data_root/data00/24125.pt,24125
24273,2600.0,6138.0956,16.38,4,../data/data_root/data00/24273.pt,24273
24292,2468.0,7298.39745,18.53,4,../data/data_root/data00/24292.pt,24292
24293,2353.0,6218.00915,16.04,4,../data/data_root/data00/24293.pt,24293
24296,2615.0,6050.70275,17.17,4,../data/data_root/data00/24296.pt,24296
24327,2795.0,4776.63325,24.99,4,../data/data_root/data00/24327.pt,24327
24353,2569.0,6202.5458,15.81,4,../data/data_root/data00/24353.pt,24353
24405,2546.0,7673.215891210937,17.38,4,../data/data_root/data00/24405.pt,24405
24408,2654.0,174582.7403,23.91,4,../data/data_root/data00/24408.pt,24408
24418,3158.0,6250.5297,17.57,4,../data/data_root/data00/24418.pt,24418
24489,2189.0,6500.7881,15.25,4,../data/data_root/data00/24489.pt,24489
24514,2751.0,6250.31355,24.07,4,../data/data_root/data00/24514.pt,24514
24522,3512.0,16901.9221,25.91,4,../data/data_root/data00/24522.pt,24522
24553,5014.0,86842.50625917969,23.27,4,../data/data_root/data00/24553.pt,24553
24577,4085.0,6499.959251171875,25.54,4,../data/data_root/data00/24577.pt,24577
24586,4237.0,17053.737288671877,35.63,4,../data/data_root/data00/24586.pt,24586
24650,4147.0,12750.71945,25.82,4,../data/data_root/data00/24650.pt,24650
24673,2636.0,5894.0748,17.76,4,../data/data_root/data00/24673.pt,24673
24685,4206.0,19110.64245,25.08,4,../data/data_root/data00/24685.pt,24685
24721,8416.0,511908.8215314453,24.38,4,../data/data_root/data00/24721.pt,24721
24743,3373.0,5748.6359,31.7,4,../data/data_root/data00/24743.pt,24743
24788,2550.0,6158.191,22.47,4,../data/data_root/data00/24788.pt,24788
24800,2467.0,6429.806378710938,16.04,4,../data/data_root/data00/24800.pt,24800
24801,2375.0,6288.24315,15.57,4,../data/data_root/data00/24801.pt,24801
24859,2327.0,6041.04165,17.5,4,../data/data_root/data00/24859.pt,24859
24906,2312.0,5936.436962890625,13.54,4,../data/data_root/data00/24906.pt,24906
24966,2411.0,6661.62,19.91,4,../data/data_root/data00/24966.pt,24966
24997,2362.0,8494.42395,18.08,4,../data/data_root/data00/24997.pt,24997
25046,2048.0,5539.5265,20.1,4,../data/data_root/data00/25046.pt,25046
25059,2256.0,5499.1848,26.62,4,../data/data_root/data00/25059.pt,25059
25165,3059.0,6084.14835,20.37,4,../data/data_root/data00/25165.pt,25165
25166,3090.0,5870.41045,18.05,4,../data/data_root/data00/25166.pt,25166
25172,3245.0,6073.7717,12.67,4,../data/data_root/data00/25172.pt,25172
25189,2775.0,6281.86525,15.2,4,../data/data_root/data00/25189.pt,25189
25223,2304.0,7187.4346,18.36,4,../data/data_root/data00/25223.pt,25223
25273,3253.0,9780.2834,10.87,4,../data/data_root/data00/25273.pt,25273
25294,2628.0,5887.5633859375,13.46,4,../data/data_root/data00/25294.pt,25294
25359,2891.0,21506.91110625,15.7,4,../data/data_root/data00/25359.pt,25359
25412,3269.0,7672.43554921875,11.15,4,../data/data_root/data00/25412.pt,25412
25495,2747.0,5940.15495,12.33,4,../data/data_root/data00/25495.pt,25495
25546,2645.0,2153294.032799414,15.65,4,../data/data_root/data00/25546.pt,25546
25552,3207.0,19299.17005,14.46,4,../data/data_root/data00/25552.pt,25552
25595,2423.0,6253.86105,12.71,4,../data/data_root/data00/25595.pt,25595
25619,2797.0,7742.74015,18.56,4,../data/data_root/data00/25619.pt,25619
25621,3624.0,7939.275932421875,11.22,4,../data/data_root/data00/25621.pt,25621
25637,3203.0,5972.40226875,2.42,4,../data/data_root/data00/25637.pt,25637
