,index
13,523490
15,523496
18,523502
20,523505
21,523508
24,523532
34,523628
36,523632
37,523635
40,523643
45,523650
52,523669
54,523672
55,523674
71,523705
74,523710
75,523711
81,523721
90,523735
92,523737
93,523739
110,523758
113,523763
114,523764
116,523767
117,523768
119,523777
121,523783
124,523797
136,523818
138,523822
150,523842
156,523855
173,523882
175,523884
184,523904
185,523906
195,523930
204,523945
205,523946
213,523965
214,523967
222,523986
238,524012
255,524047
262,524066
267,524132
270,524144
273,524150
279,524160
280,524161
282,524163
286,524170
295,524292
296,524294
304,524323
318,524344
320,524350
322,524354
325,524358
326,524361
334,524375
336,524377
342,524724
344,524758
352,524839
353,524857
354,524861
358,524885
359,524886
367,524905
377,524934
384,524952
385,524953
392,524963
393,524964
396,524972
399,524976
400,524977
404,524999
405,525003
416,525030
421,525039
422,525041
423,525042
424,525045
426,525047
427,525049
430,525054
432,525056
434,525058
440,525069
444,525087
451,525099
453,525102
456,525110
457,525111
461,525115
464,525118
467,525125
469,525131
472,525140
473,525141
475,525146
477,525149
478,525153
479,525157
481,525165
483,525168
487,525179
491,525187
492,525188
494,525193
496,525201
501,525208
502,525212
503,525213
505,525216
513,525233
515,525235
517,525238
521,525245
523,525249
528,525256
536,525273
538,525275
544,525290
557,525308
565,525321
573,525334
574,525336
579,525345
587,525369
600,525448
601,525454
606,525462
610,525470
644,525560
655,525584
668,525608
670,525610
673,525697
710,525770
723,525803
724,525806
729,525818
731,525823
739,525869
754,525903
759,525916
767,525928
771,525935
775,525945
779,525953
780,525958
781,525959
782,525998
788,526011
794,526020
801,526030
809,526075
815,527446
817,527450
820,527456
823,527460
825,527463
834,527507
838,527516
841,527520
844,527525
845,527527
855,527554
858,527561
881,527618
885,527670
886,527674
894,527689
897,527696
901,527701
902,527704
903,527705
905,527707
906,527711
911,527761
913,527764
914,527765
919,527771
923,527775
925,527781
927,527788
929,527791
941,527815
944,527822
948,527831
950,527835
956,527889
966,527927
969,527936
972,527947
974,527949
986,527997
991,528008
992,528009
993,528011
996,528022
997,528024
1003,528034
1004,528035
1007,528045
1008,528049
1018,528072
1025,528089
1029,528094
1030,528097
1036,528107
1038,528123
1040,528131
1051,528165
1055,528171
1065,528188
1067,528192
1069,528201
1072,528207
1083,528224
1086,528230
1088,528233
1094,528249
1095,528250
1101,528265
1102,528277
1106,528283
1109,528288
1117,528305
1122,528312
1133,528339
1134,528340
1137,528348
1139,528354
1143,528363
1146,528366
1150,528372
1153,528375
1159,528387
1169,528409
1176,528427
1185,528449
1186,528450
1187,528456
1199,528481
1211,528515
1214,528519
1217,528523
1219,528541
1223,528555
1227,528566
1234,528580
1236,528585
1242,528598
1243,528599
1244,528601
1246,528604
1251,528618
1253,528621
1267,528642
1269,528653
1270,528655
1283,528679
1285,528683
1287,528686
1288,528687
1291,528696
1292,528697
1293,528698
1301,528724
1306,528732
1307,528734
1308,528739
1310,528741
1319,528770
1320,528771
1321,528774
1330,528810
1342,528844
1346,528850
1354,528863
1357,528870
1363,528879
1365,528884
1370,528893
1377,528905
1379,528911
1383,528929
1390,528941
1391,528942
1398,528961
1406,529007
1409,529011
1418,529037
1426,529073
1430,529092
1431,529094
1433,529098
1435,529101
1441,529123
1443,529126
1447,529136
1448,529137
1464,529181
1470,529195
1474,529202
1477,529207
1497,529265
1498,529266
1501,529273
1503,529277
1512,529296
1515,529311
1519,529319
1523,529332
1529,529343
1540,529356
1542,529360
1546,529366
1549,529372
1559,529391
1562,529396
1566,529406
1569,529410
1571,529416
1575,529427
1584,529451
1590,529469
1599,529483
1603,529487
1605,529493
1607,529497
1618,529520
1628,529541
1633,529560
1644,529595
1651,529611
1652,529612
1653,529615
1657,529621
1660,529627
1661,529632
1664,529638
1669,529651
1670,529652
1671,529653
1672,529656
1687,529701
1688,529703
1689,529707
1690,529710
1696,529721
1697,529722
1699,529725
1700,529728
1701,529730
1704,529736
1706,529739
1731,529799
1732,529800
1733,529802
1740,529821
1741,529823
1749,529839
1750,529842
1751,529843
1752,529848
1767,529900
1770,529909
1771,529910
1775,529920
1778,529925
1782,529931
1788,529942
1789,529943
1790,529944
1794,529950
1796,529955
1798,529960
1807,529986
1811,530000
1817,530011
1827,530028
1830,530041
1834,530049
1836,530053
1841,530086
1848,530128
1854,530139
1855,530140
1859,530145
1862,530149
1864,530152
1873,530168
1875,530171
1888,530187
1895,530213
1904,530235
1908,530241
1910,530248
1917,530259
1929,530296
1931,530300
1951,530395
1956,530406
1959,530412
1965,530423
1967,530426
1968,530428
1973,530440
1978,530451
1979,530452
1980,530453
1985,530465
1999,530516
2006,530561
2015,530579
2018,530586
2022,530591
2029,530618
2030,530622
2039,530652
2042,530663
2054,530692
2059,530746
2060,530747
2063,530754
2064,530755
2065,530757
2069,530767
2072,530773
2087,530808
2088,530809
2094,530826
2096,530831
2099,530838
2109,530853
2111,530859
2113,530869
2122,530884
2131,530901
2132,530903
2141,530923
2143,530925
2148,530934
2149,530935
2150,530936
2153,530940
2154,530942
2155,530945
2175,530971
2176,530972
2178,530976
2183,530989
2185,531009
2189,531015
2190,531016
2191,531017
2200,531041
2202,531044
2206,531048
2213,531063
2214,531064
2219,531070
2220,531072
2224,531080
2231,531099
2233,531101
2245,531128
2255,531182
2259,531214
2260,531369
2262,531372
2264,531376
2265,531377
2266,531378
2267,531379
2269,531381
2275,531388
2278,531396
2279,531468
2282,531474
2284,531488
2286,531493
2287,531494
2288,531495
2294,531509
2297,531514
2300,531524
2308,531642
2310,531651
2316,531861
2322,531869
2325,531875
2331,531890
2339,531966
2341,531972
2345,531983
2347,531987
2358,532008
2359,532015
2366,532034
2368,532037
2370,532041
2371,532042
2373,532045
2386,532083
2387,532091
2388,532092
2389,532093
2391,532099
2397,532109
2402,532147
2420,532320
2427,532347
2429,532354
2431,532379
2433,532383
2434,532384
2435,532385
2445,532401
2466,532437
2468,532442
2476,532462
2478,532466
2479,532468
2489,532489
2494,532495
2501,532518
2504,532525
2508,532533
2512,532543
2520,532557
2521,532558
2529,532582
2530,532583
2531,532584
2532,532585
2536,532592
2537,532594
2540,532608
2544,532613
2562,532643
2563,532646
2564,532648
2566,532650
2569,532655
2571,532659
2572,532664
2573,532665
2576,532669
2583,532680
2588,532691
2594,532701
2597,532708
2600,532715
2615,532735
2619,532740
2622,532749
2623,532753
2629,532759
2632,532763
2637,532774
2638,532777
2642,532781
2647,532786
2650,532795
2652,532800
2657,532812
2658,532814
2663,532824
2664,532825
2667,532842
2684,532900
2685,532905
2688,532908
2690,532928
2691,532933
2695,532970
2700,532978
2709,533018
2716,533112
2718,533117
2721,533120
2724,533174
2726,533177
2728,533180
2739,533277
2742,533307
2746,533320
2748,533326
2753,533336
2754,533338
2755,533341
2758,533346
2766,533361
2771,533373
2777,533381
2787,533399
2796,533417
2801,533436
2805,533443
2806,533447
2808,533450
2813,533456
2814,533459
2828,533647
2843,533717
2845,533726
2851,533739
2860,533754
2873,533791
2876,533808
2882,533822
2883,533828
2900,533883
2903,533888
2921,533935
2922,533939
2924,533952
2925,533954
2928,533964
2932,533969
2933,533974
2939,533993
2952,534019
2970,534053
2971,534054
2974,534057
2977,534061
2978,534062
2983,534071
2985,534079
2986,534080
2988,534082
2989,534084
2992,534097
3000,534111
3008,534127
3013,534143
3021,534156
3024,534161
3034,534182
3035,534183
3050,534215
3064,534255
3067,534262
3068,534263
3075,534272
3076,534274
3078,534282
3080,534293
3083,534299
3084,534301
3088,534305
3094,534315
3100,534335
3111,534359
3116,534377
3117,534386
3123,534398
3124,534402
3126,534411
3127,534412
3133,534429
3134,534432
3153,534482
3156,534488
3159,534491
3161,534494
3168,534509
3169,534512
3176,534520
3177,534523
3179,534525
3184,534536
3190,534547
3196,534563
3198,534567
3200,534571
3203,534574
3204,534575
3206,534580
3220,534612
3231,534641
3240,534658
3244,534675
3245,534677
3248,534682
3250,534684
3252,534688
3254,534692
3296,534772
3297,534774
3301,534781
3303,534783
3308,534792
3309,534793
3311,534798
3312,534799
3314,534803
3321,534815
3322,534817
3325,534824
3327,534829
3334,534845
3337,534854
3343,534883
3345,534886
3351,534935
3352,534940
3353,534943
3354,534944
3358,534975
3359,534979
3365,534994
3367,534997
3375,535192
3376,535193
3380,535215
3382,535220
3395,535319
3416,535656
3428,535686
3429,535689
3430,535690
3441,535716
3449,535733
3451,535747
3455,535768
3457,535775
3462,535799
3464,535801
3465,535803
3471,535819
3478,535855
3488,535885
3489,535886
3509,535937
3511,535943
3515,535958
3516,535959
3519,535970
3522,535975
3531,535991
3541,536010
3548,536026
3555,536039
3556,536040
3558,536043
3559,536044
3578,536084
3582,536091
3583,536092
3590,536104
3595,536114
3599,536126
3603,536132
3618,536168
3632,536713
3634,536715
3638,536820
3639,536821
3649,536840
3650,536841
3653,536960
3658,537539
3666,537558
3672,537571
3673,537572
3687,537764
3689,537770
3696,537782
3699,537787
3705,537800
3714,537856
3715,537860
3726,537892
3731,537911
3732,537912
3738,537921
3742,537960
3746,537973
3754,537984
3755,537986
3757,537993
3758,537994
3763,538006
3765,538008
3773,538022
3776,538030
3781,538045
3782,538056
3794,538085
3795,538086
3797,538088
3798,538089
3803,538112
3812,538126
3819,538143
3829,538159
3832,538162
3838,538172
3840,538176
3845,538182
3849,538186
3857,538202
3858,538203
3860,538207
3866,538218
3867,538220
3871,538225
3873,538230
3876,538239
3878,538242
3886,538265
3889,538269
3890,538270
3898,538292
3900,538319
3901,538322
3904,538328
3905,538329
3908,538334
3914,538343
3915,538344
3920,538352
3928,538361
3929,538363
3937,538388
3946,538410
3951,538421
3957,538437
3979,538580
3983,538587
3984,538595
3991,538624
3998,538636
4000,538639
4001,538640
4011,538673
4012,538678
4017,538684
4025,538702
4031,538710
4047,538744
4051,538752
4052,538753
4056,538759
4062,538769
4065,538773
4066,538774
4074,538789
4090,538820
4091,538821
4097,538830
4109,538856
4120,538881
4154,538959
4155,538960
4156,538964
4159,538969
4162,538977
4173,538999
4175,539001
4176,539003
4177,539004
4180,539009
4199,539051
4204,539060
4206,539066
4207,539069
4226,539111
4231,539121
4234,539126
4239,539161
4249,539199
4251,539202
4253,539208
4260,539221
4271,539316
4274,539320
4276,539493
4280,539501
4286,539514
4289,539656
4290,539657
4293,539662
4295,539666
4301,539678
4308,539692
4316,539712
4322,539722
4329,539731
4346,539764
4352,539772
4355,539775
4361,539786
4380,539844
4398,539888
4399,539890
4407,539919
4411,539926
4419,539943
4425,539952
4429,539962
4455,540082
4456,540092
4457,540094
4465,540118
4473,540134
4477,540161
4478,540162
4479,540163
4484,540179
4486,540185
4496,540222
4498,540224
4500,540229
4507,540242
4512,540248
4513,540249
4514,540250
4516,540254
4526,540294
4529,540297
4539,540320
4540,540321
4543,540325
4544,540329
4545,540330
4547,540333
4550,540336
4553,540343
4556,540350
4567,540393
4571,540410
4578,540485
4583,540496
4588,540508
4589,540510
4592,540513
4593,540519
4608,540564
4609,540567
4610,540569
4611,540570
4616,540578
4618,540589
4620,540593
4622,540596
4650,540659
4653,540672
4654,540676
4657,540693
4659,540695
4660,540699
4661,540712
4664,540718
4671,540739
4673,540741
4676,540749
4684,540775
4685,540776
4687,540778
4691,540788
4701,540812
4709,540831
4710,540832
4714,540840
4715,540844
4717,540850
4718,540851
4724,540879
4727,540890
4728,540895
4732,540905
4736,540913
4754,540951
4755,540952
4765,540969
4766,540972
4768,540975
4771,540981
4774,540987
4775,540988
4777,540992
4778,540998
4781,541003
4793,541031
4796,541037
4798,541041
4804,541052
4809,541075
4812,541081
4815,541101
4821,541112
4826,541130
4830,541141
4846,541186
4847,541188
4849,541196
4851,541203
4861,541227
4863,541246
4867,541256
4880,541280
4886,541291
4898,541316
4903,541329
4915,541355
4917,541361
4921,541372
4923,541375
4930,541395
4931,541397
4937,541409
4941,541421
4948,541433
4950,541437
4954,541444
4958,541449
4959,541450
4968,541470
4969,541471
4974,541483
4975,541486
4978,541491
4979,541492
4989,541510
4990,541516
4992,541521
4999,541536
5003,541543
5007,541557
5008,541558
5023,541595
5026,541599
5031,541615
5034,541622
5035,541624
5036,541626
5037,541628
5041,541633
5052,541664
5054,541672
5068,541696
5070,541701
5073,541704
5094,541757
5141,541838
5145,541844
5160,541868
5170,541907
5181,541927
5183,541930
5184,541933
5188,541941
5194,541956
5195,541958
5198,541965
5200,541969
5206,541976
5210,541981
5231,542022
5233,542024
5234,542026
5236,542030
5254,542058
5269,542093
5272,542098
5274,542108
5275,542110
5279,542116
5284,542124
5285,542125
5296,542144
5300,542163
5301,542166
5303,542172
5307,542186
5308,542191
5313,542208
5320,542228
5329,542242
5334,542252
5335,542253
5336,542254
5337,542256
5343,542273
5351,542289
5356,542300
5360,542320
5362,542325
5377,542354
5378,542355
5386,542387
5387,542390
5389,542399
5392,542408
5393,542412
5394,542420
5397,542427
5398,542433
5399,542443
5403,542451
5408,542461
5432,542713
5436,542722
5447,542908
5450,542931
5452,542933
5453,542938
5454,543020
5455,543346
5458,543351
5463,543685
5471,543696
5475,543704
5477,543709
5479,543714
5487,543735
5500,543794
5507,543807
5510,543814
5512,543816
5527,543846
5530,543851
5537,543865
5538,543867
5540,543871
5542,543874
5552,543905
5556,543928
5567,543949
5573,544010
5574,544011
5588,544039
5591,544044
5606,544071
5610,544078
5613,544104
5619,544117
5622,544122
5623,544125
5624,544126
5625,544127
5628,544135
5632,544142
5636,544347
5649,544387
5652,544398
5657,544413
5662,544425
5673,544439
5676,544449
5680,544471
5684,544486
5686,544489
5696,544512
5701,544521
5703,544524
5704,544525
5705,544526
5711,544540
5713,544545
5717,544555
5722,544561
5730,544583
5732,544587
5737,544599
5742,544613
5745,544617
5747,544625
5765,544665
5772,544695
5773,544699
5776,544713
5781,544721
5789,544759
5794,544770
5796,544777
5800,544790
5803,544799
5818,544847
5825,544862
5826,544865
5833,544892
5834,544893
5835,544895
5839,544904
5841,544909
5848,544918
5850,544920
5852,544922
5857,544930
5860,544938
5862,544942
5864,544947
5865,544949
5868,544956
5869,544957
5876,544971
5877,544972
5881,544984
5884,544988
5886,544990
5902,545025
5906,545045
5911,545060
5912,545061
5922,545099
5933,545126
5936,545131
5937,545132
5938,545133
5940,545149
5941,545152
5948,545162
5956,545227
5957,545228
5966,545240
5967,545242
5970,545272
5977,545316
5987,545336
5993,545348
5998,545357
6001,545362
6008,545383
6010,545387
6015,545406
6018,545410
6019,545411
6027,545422
6030,545430
6033,545433
6038,545442
6039,545444
6041,545446
6048,545501
6049,545502
6061,545528
6070,545557
6075,545570
6080,545584
6091,545609
6096,545621
6097,545622
6103,545646
6105,545649
6109,545665
6115,545677
6127,545712
6137,545727
6138,545729
6139,545731
6141,545733
6148,545743
6159,545770
6160,545771
6161,545775
6172,545806
6186,545859
6187,545861
6188,545867
6194,545884
6201,545908
6205,545914
6209,545925
6216,545944
6226,545976
6239,546007
6243,546013
6247,546022
6253,546037
6264,546068
6266,546072
6267,546073
6277,546099
6286,546112
6290,546123
6298,546142
6302,546150
6303,546152
6305,546158
6312,546179
6315,546185
6317,546187
6320,546192
6324,546201
6327,546205
6332,546228
6337,546241
6338,546245
6344,546260
6348,546265
6354,546330
6359,546342
6360,546345
6363,546350
6364,546351
6369,546359
6370,546360
6374,546369
6376,546372
6380,546378
6384,546431
6385,546432
6388,546440
6391,546445
6397,546455
6400,546460
6416,546490
6440,546538
6448,546562
6453,546593
6456,546615
6459,546628
6460,546629
6461,546631
6470,546659
6475,546672
6478,546700
6483,546713
6496,546743
6498,546747
6508,546760
6513,546780
6514,546781
6515,546782
6526,546805
6530,546821
6532,546825
6535,546837
6537,546839
6539,546842
6542,546847
6548,546860
6561,546884
6563,546886
6566,546895
6574,546915
6594,546960
6596,546964
6597,546966
6598,546967
6602,546973
6607,546981
6615,546992
6617,546995
6618,546999
6620,547006
6627,547019
6638,547055
6643,547064
6658,547098
6660,547101
6661,547102
6662,547103
6669,547117
6683,547161
6688,547171
6694,547179
6696,547182
6701,547189
6709,547210
6719,547234
6739,547279
6742,547283
6743,547284
6746,547754
6748,547758
6749,547760
6755,547769
6761,547796
6763,547799
6764,547804
6766,547808
6768,547817
6770,547826
6771,547936
6772,547938
6778,547950
6779,548187
6787,548387
6792,548768
6799,548783
6809,548931
6825,549376
6827,549381
6835,549401
6839,549411
6840,549414
6844,549421
6845,549422
6847,549426
6852,549436
6858,549444
6864,549453
6865,549458
6866,549459
6867,549460
6877,549495
6879,549500
6880,549506
6895,549546
6896,549553
6899,549557
6901,549559
6911,549577
6916,549582
6922,549589
6926,549596
6935,549658
6941,549677
6944,549680
6947,549686
